image,label,age
./train/0_1_3.jpg,0,27
./train/0_1_1.jpg,0,27
./train/0_1_2.jpg,0,27
./train/0_2_3.jpg,1,24
./train/0_2_2.jpg,1,24
./train/0_2_1.jpg,1,24
./train/0_3_2.jpg,0,29
./train/0_3_1.jpg,0,29
./train/0_3_3.jpg,0,29
./train/0_4_1.jpg,1,23
./train/0_4_3.jpg,1,23
./train/0_4_2.jpg,1,23
./train/0_5_3.jpg,0,20
./train/0_5_1.jpg,0,20
./train/0_5_2.jpg,0,20
./train/0_6_3.jpg,1,28
./train/0_6_2.jpg,1,28
./train/0_6_1.jpg,1,28
./train/0_7_1.jpg,0,23
./train/0_7_3.jpg,0,23
./train/0_7_2.jpg,0,23
./train/0_8_2.jpg,0,25
./train/0_8_1.jpg,0,25
./train/0_8_3.jpg,0,25
./train/0_9_1.jpg,0,20
./train/0_9_2.jpg,0,20
./train/0_9_3.jpg,0,20
./train/0_10_2.jpg,1,24
./train/0_10_1.jpg,1,24
./train/0_10_3.jpg,1,24
./train/0_11_3.jpg,0,23
./train/0_11_2.jpg,0,23
./train/0_11_1.jpg,0,23
./train/0_12_2.jpg,0,24
./train/1_12_2.jpg,0,24
./train/2_12_2.jpg,0,24
./train/0_12_3.jpg,0,24
./train/0_12_1.jpg,0,24
./train/0_13_1.jpg,1,18
./train/1_13_1.jpg,1,18
./train/0_13_3.jpg,1,18
./train/1_13_3.jpg,1,18
./train/0_13_2.jpg,1,18
./train/1_13_2.jpg,1,18
./train/2_13_2.jpg,1,18
./train/3_13_2.jpg,1,18
./train/0_14_3.jpg,0,32
./train/1_14_3.jpg,0,32
./train/2_14_3.jpg,0,32
./train/3_14_3.jpg,0,32
./train/0_14_2.jpg,0,32
./train/1_14_2.jpg,0,32
./train/2_14_2.jpg,0,32
./train/0_14_1.jpg,0,32
./train/1_14_1.jpg,0,32
./train/0_15_1.jpg,0,28
./train/0_15_2.jpg,0,28
./train/0_15_3.jpg,0,28
./train/0_16_3.jpg,1,21
./train/0_16_1.jpg,1,21
./train/0_16_2.jpg,1,21
./train/0_17_3.jpg,0,26
./train/1_17_3.jpg,0,26
./train/2_17_3.jpg,0,26
./train/3_17_3.jpg,0,26
./train/0_17_2.jpg,0,26
./train/0_17_1.jpg,0,26
./train/1_17_1.jpg,0,26
./train/2_17_1.jpg,0,26
./train/0_18_2.jpg,1,23
./train/1_18_2.jpg,1,23
./train/0_18_3.jpg,1,23
./train/0_18_1.jpg,1,23
./train/0_19_3.jpg,0,28
./train/0_19_1.jpg,0,28
./train/0_19_2.jpg,0,28
./train/0_20_3.jpg,1,33
./train/1_20_3.jpg,1,33
./train/2_20_3.jpg,1,33
./train/0_20_1.jpg,1,33
./train/0_20_2.jpg,1,33
./train/0_21_1.jpg,0,7
./train/0_21_3.jpg,0,7
./train/0_21_2.jpg,0,7
./train/0_22_2.jpg,1,45
./train/1_22_2.jpg,1,45
./train/0_22_1.jpg,1,45
./train/0_22_3.jpg,1,45
./train/1_22_3.jpg,1,45
./train/0_23_2.jpg,1,30
./train/1_23_2.jpg,1,30
./train/0_23_3.jpg,1,30
./train/1_23_3.jpg,1,30
./train/0_23_1.jpg,1,30
./train/0_24_3.jpg,1,27
./train/0_24_2.jpg,1,27
./train/0_24_1.jpg,1,27
./train/0_25_2.jpg,1,26
./train/0_25_1.jpg,1,26
./train/1_25_1.jpg,1,26
./train/0_25_3.jpg,1,26
./train/0_26_1.jpg,1,27
./train/0_26_2.jpg,1,27
./train/0_26_3.jpg,1,27
./train/0_27_1.jpg,1,24
./train/0_27_3.jpg,1,24
./train/0_27_2.jpg,1,24
./train/0_28_1.jpg,0,24
./train/0_28_2.jpg,0,24
./train/1_28_2.jpg,0,24
./train/0_28_3.jpg,0,24
./train/0_29_1.jpg,0,25
./train/0_29_2.jpg,0,25
./train/0_29_3.jpg,0,25
./train/0_30_3.jpg,1,25
./train/0_30_1.jpg,1,25
./train/0_30_2.jpg,1,25
./train/0_31_1.jpg,0,25
./train/0_31_2.jpg,0,25
./train/0_31_3.jpg,0,25
./train/0_32_1.jpg,0,19
./train/0_32_2.jpg,0,19
./train/0_32_3.jpg,0,19
./train/0_33_1.jpg,1,35
./train/0_33_3.jpg,1,35
./train/0_33_2.jpg,1,35
./train/0_34_2.jpg,0,28
./train/0_34_3.jpg,0,28
./train/1_34_3.jpg,0,28
./train/2_34_3.jpg,0,28
./train/0_34_1.jpg,0,28
./train/0_35_1.jpg,0,22
./train/0_35_2.jpg,0,22
./train/0_35_3.jpg,0,22
./train/0_36_1.jpg,0,29
./train/0_36_3.jpg,0,29
./train/0_36_2.jpg,0,29
./train/0_37_1.jpg,0,31
./train/0_37_3.jpg,0,31
./train/0_37_2.jpg,0,31
./train/0_38_1.jpg,1,28
./train/0_38_2.jpg,1,28
./train/0_38_3.jpg,1,28
./train/0_39_2.jpg,1,24
./train/0_39_3.jpg,1,24
./train/0_39_1.jpg,1,24
./train/0_40_2.jpg,0,24
./train/1_40_2.jpg,0,24
./train/0_40_1.jpg,0,24
./train/0_40_3.jpg,0,24
./train/0_41_1.jpg,1,26
./train/1_41_1.jpg,1,26
./train/0_41_3.jpg,1,26
./train/1_41_3.jpg,1,26
./train/0_41_2.jpg,1,26
./train/0_42_2.jpg,1,41
./train/0_42_1.jpg,1,41
./train/0_42_3.jpg,1,41
./train/0_43_1.jpg,1,25
./train/1_43_1.jpg,1,25
./train/2_43_1.jpg,1,25
./train/0_43_2.jpg,1,25
./train/0_43_3.jpg,1,25
./train/1_43_3.jpg,1,25
./train/0_44_2.jpg,1,30
./train/1_44_2.jpg,1,30
./train/0_44_1.jpg,1,30
./train/0_44_3.jpg,1,30
./train/1_44_3.jpg,1,30
./train/0_45_3.jpg,1,29
./train/0_45_1.jpg,1,29
./train/0_45_2.jpg,1,29
./train/0_46_3.jpg,1,29
./train/0_46_1.jpg,1,29
./train/0_46_2.jpg,1,29
./train/0_47_2.jpg,1,35
./train/1_47_2.jpg,1,35
./train/0_47_1.jpg,1,35
./train/0_47_3.jpg,1,35
./train/1_47_3.jpg,1,35
./train/2_47_3.jpg,1,35
./train/0_48_2.jpg,1,21
./train/0_48_1.jpg,1,21
./train/0_48_3.jpg,1,21
./train/0_49_2.jpg,1,27
./train/0_49_1.jpg,1,27
./train/0_49_3.jpg,1,27
./train/1_49_3.jpg,1,27
./train/0_50_2.jpg,1,34
./train/0_50_1.jpg,1,34
./train/1_50_1.jpg,1,34
./train/2_50_1.jpg,1,34
./train/0_50_3.jpg,1,34
./train/0_51_1.jpg,1,27
./train/0_51_3.jpg,1,27
./train/0_51_2.jpg,1,27
./train/0_52_1.jpg,0,26
./train/0_52_3.jpg,0,26
./train/0_52_2.jpg,0,26
./train/0_53_2.jpg,1,31
./train/0_53_1.jpg,1,31
./train/1_53_1.jpg,1,31
./train/0_53_3.jpg,1,31
./train/0_54_3.jpg,1,24
./train/0_54_1.jpg,1,24
./train/0_54_2.jpg,1,24
./train/0_55_3.jpg,1,47
./train/0_55_2.jpg,1,47
./train/0_55_1.jpg,1,47
./train/0_56_1.jpg,1,25
./train/0_56_3.jpg,1,25
./train/1_56_3.jpg,1,25
./train/0_56_2.jpg,1,25
./train/0_57_1.jpg,1,26
./train/0_57_2.jpg,1,26
./train/1_57_2.jpg,1,26
./train/0_57_3.jpg,1,26
./train/0_58_1.jpg,1,26
./train/0_58_2.jpg,1,26
./train/0_58_3.jpg,1,26
./train/1_58_3.jpg,1,26
./train/0_59_3.jpg,1,16
./train/0_59_1.jpg,1,16
./train/0_59_2.jpg,1,16
./train/0_60_1.jpg,1,30
./train/1_60_1.jpg,1,30
./train/2_60_1.jpg,1,30
./train/3_60_1.jpg,1,30
./train/0_60_3.jpg,1,30
./train/0_60_2.jpg,1,30
./train/0_61_2.jpg,1,29
./train/0_61_1.jpg,1,29
./train/0_61_3.jpg,1,29
./train/0_62_2.jpg,1,27
./train/0_62_3.jpg,1,27
./train/0_62_1.jpg,1,27
./train/0_63_3.jpg,0,23
./train/1_63_3.jpg,0,23
./train/0_63_2.jpg,0,23
./train/0_63_1.jpg,0,23
./train/1_63_1.jpg,0,23
./train/2_63_1.jpg,0,23
./train/3_63_1.jpg,0,23
./train/0_64_1.jpg,0,17
./train/0_64_3.jpg,0,17
./train/0_64_2.jpg,0,17
./train/0_65_1.jpg,1,31
./train/1_65_1.jpg,1,31
./train/0_65_2.jpg,1,31
./train/1_65_2.jpg,1,31
./train/0_65_3.jpg,1,31
./train/0_66_1.jpg,1,27
./train/0_66_2.jpg,1,27
./train/0_66_3.jpg,1,27
./train/0_67_3.jpg,1,27
./train/0_67_1.jpg,1,27
./train/0_67_2.jpg,1,27
./train/0_68_1.jpg,1,28
./train/0_68_2.jpg,1,28
./train/0_68_3.jpg,1,28
./train/1_68_3.jpg,1,28
./train/2_68_3.jpg,1,28
./train/3_68_3.jpg,1,28
./train/4_68_3.jpg,1,28
./train/0_69_1.jpg,1,25
./train/0_69_3.jpg,1,25
./train/1_69_3.jpg,1,25
./train/2_69_3.jpg,1,25
./train/3_69_3.jpg,1,25
./train/0_69_2.jpg,1,25
./train/0_70_2.jpg,1,25
./train/0_70_3.jpg,1,25
./train/0_70_1.jpg,1,25
./train/0_71_2.jpg,1,26
./train/0_71_3.jpg,1,26
./train/0_71_1.jpg,1,26
./train/0_72_2.jpg,1,27
./train/0_72_3.jpg,1,27
./train/0_72_1.jpg,1,27
./train/1_72_1.jpg,1,27
./train/0_73_1.jpg,1,24
./train/0_73_2.jpg,1,24
./train/0_73_3.jpg,1,24
./train/0_74_1.jpg,1,28
./train/0_74_2.jpg,1,28
./train/0_74_3.jpg,1,28
./train/1_74_3.jpg,1,28
./train/0_75_1.jpg,1,27
./train/1_75_1.jpg,1,27
./train/2_75_1.jpg,1,27
./train/0_75_3.jpg,1,27
./train/0_75_2.jpg,1,27
./train/0_76_2.jpg,1,17
./train/0_76_3.jpg,1,17
./train/0_76_1.jpg,1,17
./train/0_77_1.jpg,1,19
./train/0_77_3.jpg,1,19
./train/0_77_2.jpg,1,19
./train/0_78_2.jpg,1,24
./train/0_78_3.jpg,1,24
./train/0_78_1.jpg,1,24
./train/0_79_2.jpg,1,28
./train/1_79_2.jpg,1,28
./train/2_79_2.jpg,1,28
./train/3_79_2.jpg,1,28
./train/0_79_3.jpg,1,28
./train/0_79_1.jpg,1,28
./train/1_79_1.jpg,1,28
./train/0_80_1.jpg,0,41
./train/0_80_2.jpg,0,41
./train/0_80_3.jpg,0,41
./train/0_81_2.jpg,0,27
./train/0_81_1.jpg,0,27
./train/0_81_3.jpg,0,27
./train/0_82_2.jpg,1,28
./train/0_82_1.jpg,1,28
./train/0_82_3.jpg,1,28
./train/0_83_3.jpg,1,34
./train/0_83_2.jpg,1,34
./train/0_83_1.jpg,1,34
./train/1_83_1.jpg,1,34
./train/0_84_2.jpg,0,35
./train/0_84_1.jpg,0,35
./train/0_84_3.jpg,0,35
./train/0_85_2.jpg,0,30
./train/0_85_1.jpg,0,30
./train/0_85_3.jpg,0,30
./train/0_86_3.jpg,0,24
./train/0_86_1.jpg,0,24
./train/0_86_2.jpg,0,24
./train/0_87_2.jpg,0,40
./train/0_87_1.jpg,0,40
./train/0_87_3.jpg,0,40
./train/1_87_3.jpg,0,40
./train/0_88_2.jpg,1,30
./train/1_88_2.jpg,1,30
./train/0_88_1.jpg,1,30
./train/0_88_3.jpg,1,30
./train/0_89_2.jpg,0,28
./train/1_89_2.jpg,0,28
./train/2_89_2.jpg,0,28
./train/3_89_2.jpg,0,28
./train/0_89_3.jpg,0,28
./train/0_89_1.jpg,0,28
./train/0_90_1.jpg,0,26
./train/0_90_2.jpg,0,26
./train/0_90_3.jpg,0,26
./train/0_91_2.jpg,1,26
./train/0_91_3.jpg,1,26
./train/0_91_1.jpg,1,26
./train/0_92_1.jpg,0,27
./train/0_92_2.jpg,0,27
./train/0_92_3.jpg,0,27
./train/0_93_3.jpg,1,22
./train/0_93_2.jpg,1,22
./train/0_93_1.jpg,1,22
./train/0_94_2.jpg,1,26
./train/0_94_3.jpg,1,26
./train/0_94_1.jpg,1,26
./train/0_95_3.jpg,0,23
./train/0_95_1.jpg,0,23
./train/0_95_2.jpg,0,23
./train/0_96_3.jpg,0,17
./train/1_96_3.jpg,0,17
./train/2_96_3.jpg,0,17
./train/0_96_2.jpg,0,17
./train/1_96_2.jpg,0,17
./train/2_96_2.jpg,0,17
./train/3_96_2.jpg,0,17
./train/0_96_1.jpg,0,17
./train/0_97_2.jpg,0,24
./train/0_97_1.jpg,0,24
./train/0_97_3.jpg,0,24
./train/0_98_2.jpg,0,22
./train/0_98_1.jpg,0,22
./train/0_98_3.jpg,0,22
./train/0_99_3.jpg,0,26
./train/1_99_3.jpg,0,26
./train/0_99_2.jpg,0,26
./train/0_99_1.jpg,0,26
./train/0_100_1.jpg,1,26
./train/0_100_2.jpg,1,26
./train/0_100_3.jpg,1,26
./train/0_101_2.jpg,1,17
./train/0_101_3.jpg,1,17
./train/0_101_1.jpg,1,17
./train/0_102_3.jpg,0,33
./train/0_102_2.jpg,0,33
./train/0_102_1.jpg,0,33
./train/0_103_3.jpg,0,23
./train/0_103_2.jpg,0,23
./train/0_103_1.jpg,0,23
./train/104_1.jpg,0,30
./train/0_104_2.jpg,0,30
./train/0_104_3.jpg,0,30
./train/1_104_3.jpg,0,30
./train/0_105_2.jpg,1,27
./train/1_105_2.jpg,1,27
./train/2_105_2.jpg,1,27
./train/0_105_1.jpg,1,27
./train/0_105_3.jpg,1,27
./train/0_106_2.jpg,0,27
./train/0_106_1.jpg,0,27
./train/0_106_3.jpg,0,27
./train/0_107_3.jpg,0,35
./train/1_107_3.jpg,0,35
./train/2_107_3.jpg,0,35
./train/3_107_3.jpg,0,35
./train/0_107_2.jpg,0,35
./train/1_107_2.jpg,0,35
./train/0_107_1.jpg,0,35
./train/1_107_1.jpg,0,35
./train/0_108_3.jpg,0,27
./train/0_108_1.jpg,0,27
./train/0_108_2.jpg,0,27
./train/0_109_1.jpg,0,22
./train/0_109_2.jpg,0,22
./train/0_109_3.jpg,0,22
./train/0_110_3.jpg,0,32
./train/0_110_1.jpg,0,32
./train/1_110_1.jpg,0,32
./train/2_110_1.jpg,0,32
./train/3_110_1.jpg,0,32
./train/4_110_1.jpg,0,32
./train/5_110_1.jpg,0,32
./train/0_110_2.jpg,0,32
./train/1_110_2.jpg,0,32
./train/0_111_2.jpg,0,20
./train/0_111_1.jpg,0,20
./train/1_111_1.jpg,0,20
./train/0_111_3.jpg,0,20
./train/0_112_1.jpg,0,22
./train/0_112_2.jpg,0,22
./train/0_112_3.jpg,0,22
./train/0_113_3.jpg,1,25
./train/0_113_2.jpg,1,25
./train/0_113_1.jpg,1,25
./train/0_114_2.jpg,0,22
./train/1_114_2.jpg,0,22
./train/2_114_2.jpg,0,22
./train/0_114_3.jpg,0,22
./train/1_114_3.jpg,0,22
./train/2_114_3.jpg,0,22
./train/3_114_3.jpg,0,22
./train/0_114_1.jpg,0,22
./train/0_115_3.jpg,1,23
./train/1_115_3.jpg,1,23
./train/0_115_1.jpg,1,23
./train/0_115_2.jpg,1,23
./train/0_116_3.jpg,1,29
./train/0_116_1.jpg,1,29
./train/0_116_2.jpg,1,29
./train/0_117_1.jpg,1,29
./train/1_117_1.jpg,1,29
./train/0_117_2.jpg,1,29
./train/1_117_2.jpg,1,29
./train/0_117_3.jpg,1,29
./train/1_117_3.jpg,1,29
./train/0_118_3.jpg,0,28
./train/0_118_2.jpg,0,28
./train/0_118_1.jpg,0,28
./train/0_119_2.jpg,1,28
./train/0_119_1.jpg,1,28
./train/0_119_3.jpg,1,28
./train/1_119_3.jpg,1,28
./train/0_120_1.jpg,1,29
./train/0_120_2.jpg,1,29
./train/0_120_3.jpg,1,29
./train/0_121_3.jpg,1,28
./train/0_121_1.jpg,1,28
./train/1_121_1.jpg,1,28
./train/2_121_1.jpg,1,28
./train/3_121_1.jpg,1,28
./train/0_121_2.jpg,1,28
./train/0_122_1.jpg,0,28
./train/0_122_3.jpg,0,28
./train/0_122_2.jpg,0,28
./train/0_123_3.jpg,0,22
./train/0_123_1.jpg,0,22
./train/0_123_2.jpg,0,22
./train/0_124_1.jpg,0,27
./train/0_124_2.jpg,0,27
./train/0_124_3.jpg,0,27
./train/0_125_2.jpg,1,29
./train/0_125_1.jpg,1,29
./train/0_125_3.jpg,1,29
./train/0_126_2.jpg,1,29
./train/0_126_1.jpg,1,29
./train/0_126_3.jpg,1,29
./train/0_127_2.jpg,1,22
./train/0_127_1.jpg,1,22
./train/0_127_3.jpg,1,22
./train/0_128_2.jpg,0,27
./train/1_128_2.jpg,0,27
./train/0_128_1.jpg,0,27
./train/0_128_3.jpg,0,27
./train/1_128_3.jpg,0,27
./train/0_129_3.jpg,0,27
./train/1_129_3.jpg,0,27
./train/2_129_3.jpg,0,27
./train/3_129_3.jpg,0,27
./train/0_129_2.jpg,0,27
./train/0_129_1.jpg,0,27
./train/0_130_1.jpg,0,18
./train/0_130_2.jpg,0,18
./train/0_130_3.jpg,0,18
./train/0_131_2.jpg,1,18
./train/0_131_1.jpg,1,18
./train/0_131_3.jpg,1,18
./train/0_132_2.jpg,0,29
./train/0_132_3.jpg,0,29
./train/1_132_3.jpg,0,29
./train/2_132_3.jpg,0,29
./train/3_132_3.jpg,0,29
./train/0_132_1.jpg,0,29
./train/0_133_1.jpg,0,31
./train/0_133_3.jpg,0,31
./train/0_133_2.jpg,0,31
./train/0_134_1.jpg,0,26
./train/0_134_2.jpg,0,26
./train/0_134_3.jpg,0,26
./train/0_135_1.jpg,0,24
./train/0_135_3.jpg,0,24
./train/0_135_2.jpg,0,24
./train/0_136_2.jpg,1,24
./train/0_136_3.jpg,1,24
./train/1_136_3.jpg,1,24
./train/0_136_1.jpg,1,24
./train/0_137_1.jpg,0,22
./train/0_137_2.jpg,0,22
./train/0_137_3.jpg,0,22
./train/0_138_3.jpg,0,19
./train/1_138_3.jpg,0,19
./train/2_138_3.jpg,0,19
./train/3_138_3.jpg,0,19
./train/4_138_3.jpg,0,19
./train/5_138_3.jpg,0,19
./train/6_138_3.jpg,0,19
./train/7_138_3.jpg,0,19
./train/8_138_3.jpg,0,19
./train/9_138_3.jpg,0,19
./train/0_138_1.jpg,0,19
./train/1_138_1.jpg,0,19
./train/0_138_2.jpg,0,19
./train/1_138_2.jpg,0,19
./train/2_138_2.jpg,0,19
./train/0_139_1.jpg,0,25
./train/0_139_3.jpg,0,25
./train/0_139_2.jpg,0,25
./train/0_140_1.jpg,0,21
./train/0_140_2.jpg,0,21
./train/1_140_2.jpg,0,21
./train/0_140_3.jpg,0,21
./train/1_140_3.jpg,0,21
./train/2_140_3.jpg,0,21
./train/3_140_3.jpg,0,21
./train/0_141_1.jpg,0,26
./train/0_141_2.jpg,0,26
./train/0_141_3.jpg,0,26
./train/0_142_2.jpg,1,27
./train/0_142_3.jpg,1,27
./train/0_142_1.jpg,1,27
./train/0_143_3.jpg,1,24
./train/0_143_2.jpg,1,24
./train/0_143_1.jpg,1,24
./train/0_144_3.jpg,0,28
./train/0_144_2.jpg,0,28
./train/0_144_1.jpg,0,28
./train/0_145_1.jpg,1,22
./train/0_145_3.jpg,1,22
./train/1_145_3.jpg,1,22
./train/0_145_2.jpg,1,22
./train/0_146_1.jpg,1,26
./train/0_146_3.jpg,1,26
./train/0_146_2.jpg,1,26
./train/0_147_2.jpg,1,26
./train/0_147_3.jpg,1,26
./train/0_147_1.jpg,1,26
./train/0_148_1.jpg,1,23
./train/0_148_2.jpg,1,23
./train/0_148_3.jpg,1,23
./train/0_149_3.jpg,1,24
./train/1_149_3.jpg,1,24
./train/0_149_1.jpg,1,24
./train/0_149_2.jpg,1,24
./train/0_150_1.jpg,1,18
./train/0_150_2.jpg,1,18
./train/0_150_3.jpg,1,18
./train/0_151_1.jpg,0,27
./train/0_151_3.jpg,0,27
./train/0_151_2.jpg,0,27
./train/0_152_2.jpg,1,28
./train/0_152_3.jpg,1,28
./train/0_152_1.jpg,1,28
./train/0_153_1.jpg,1,25
./train/0_153_2.jpg,1,25
./train/0_153_3.jpg,1,25
./train/0_154_1.jpg,1,28
./train/0_154_2.jpg,1,28
./train/0_154_3.jpg,1,28
./train/1_154_3.jpg,1,28
./train/0_155_1.jpg,1,29
./train/1_155_1.jpg,1,29
./train/2_155_1.jpg,1,29
./train/0_155_2.jpg,1,29
./train/1_155_2.jpg,1,29
./train/2_155_2.jpg,1,29
./train/0_155_3.jpg,1,29
./train/0_156_1.jpg,1,28
./train/0_156_3.jpg,1,28
./train/0_156_2.jpg,1,28
./train/0_157_3.jpg,0,23
./train/0_157_1.jpg,0,23
./train/0_157_2.jpg,0,23
./train/0_158_2.jpg,1,25
./train/0_158_1.jpg,1,25
./train/0_158_3.jpg,1,25
./train/0_159_1.jpg,1,40
./train/0_159_2.jpg,1,40
./train/0_159_3.jpg,1,40
./train/0_160_1.jpg,1,24
./train/0_160_3.jpg,1,24
./train/1_160_3.jpg,1,24
./train/0_160_2.jpg,1,24
./train/1_160_2.jpg,1,24
./train/0_161_3.jpg,0,24
./train/0_161_2.jpg,0,24
./train/0_161_1.jpg,0,24
./train/0_162_2.jpg,0,26
./train/0_162_1.jpg,0,26
./train/0_162_3.jpg,0,26
./train/0_163_1.jpg,1,33
./train/1_163_1.jpg,1,33
./train/0_163_2.jpg,1,33
./train/0_163_3.jpg,1,33
./train/0_164_3.jpg,1,28
./train/0_164_2.jpg,1,28
./train/0_164_1.jpg,1,28
./train/0_165_2.jpg,0,25
./train/1_165_2.jpg,0,25
./train/0_165_1.jpg,0,25
./train/0_165_3.jpg,0,25
./train/0_166_1.jpg,1,21
./train/1_166_1.jpg,1,21
./train/2_166_1.jpg,1,21
./train/3_166_1.jpg,1,21
./train/0_166_3.jpg,1,21
./train/0_166_2.jpg,1,21
./train/0_167_3.jpg,1,20
./train/0_167_1.jpg,1,20
./train/1_167_1.jpg,1,20
./train/0_167_2.jpg,1,20
./train/1_167_2.jpg,1,20
./train/2_167_2.jpg,1,20
./train/3_167_2.jpg,1,20
./train/4_167_2.jpg,1,20
./train/0_168_2.jpg,0,25
./train/0_168_1.jpg,0,25
./train/0_168_3.jpg,0,25
./train/0_169_1.jpg,0,26
./train/0_169_3.jpg,0,26
./train/0_169_2.jpg,0,26
./train/0_170_2.jpg,0,28
./train/0_170_3.jpg,0,28
./train/0_170_1.jpg,0,28
./train/0_171_3.jpg,1,20
./train/0_171_2.jpg,1,20
./train/0_171_1.jpg,1,20
./train/1_171_1.jpg,1,20
./train/0_172_1.jpg,0,25
./train/0_172_3.jpg,0,25
./train/1_172_3.jpg,0,25
./train/2_172_3.jpg,0,25
./train/3_172_3.jpg,0,25
./train/0_172_2.jpg,0,25
./train/0_173_2.jpg,1,17
./train/1_173_2.jpg,1,17
./train/0_173_3.jpg,1,17
./train/0_173_1.jpg,1,17
./train/0_174_3.jpg,0,24
./train/0_174_1.jpg,0,24
./train/0_174_2.jpg,0,24
./train/0_175_3.jpg,0,25
./train/1_175_3.jpg,0,25
./train/0_175_1.jpg,0,25
./train/0_175_2.jpg,0,25
./train/1_175_2.jpg,0,25
./train/0_176_3.jpg,0,24
./train/0_176_1.jpg,0,24
./train/0_176_2.jpg,0,24
./train/0_177_1.jpg,0,33
./train/0_177_3.jpg,0,33
./train/0_177_2.jpg,0,33
./train/0_178_2.jpg,0,30
./train/0_178_1.jpg,0,30
./train/0_178_3.jpg,0,30
./train/0_179_3.jpg,0,34
./train/1_179_3.jpg,0,34
./train/0_179_2.jpg,0,34
./train/0_179_1.jpg,0,34
./train/0_180_1.jpg,0,15
./train/1_180_1.jpg,0,15
./train/2_180_1.jpg,0,15
./train/0_180_3.jpg,0,15
./train/0_180_2.jpg,0,15
./train/0_181_2.jpg,1,29
./train/0_181_3.jpg,1,29
./train/1_181_3.jpg,1,29
./train/0_181_1.jpg,1,29
./train/0_182_2.jpg,1,26
./train/0_182_1.jpg,1,26
./train/0_182_3.jpg,1,26
./train/0_183_2.jpg,1,27
./train/1_183_2.jpg,1,27
./train/0_183_1.jpg,1,27
./train/0_183_3.jpg,1,27
./train/0_184_1.jpg,0,18
./train/0_184_3.jpg,0,18
./train/0_184_2.jpg,0,18
./train/0_185_3.jpg,0,23
./train/0_185_2.jpg,0,23
./train/0_185_1.jpg,0,23
./train/0_186_2.jpg,0,26
./train/0_186_3.jpg,0,26
./train/0_186_1.jpg,0,26
./train/1_186_1.jpg,0,26
./train/0_187_3.jpg,0,26
./train/0_187_2.jpg,0,26
./train/0_187_1.jpg,0,26
./train/0_188_3.jpg,0,23
./train/0_188_1.jpg,0,23
./train/0_188_2.jpg,0,23
./train/0_189_2.jpg,0,23
./train/0_189_3.jpg,0,23
./train/0_189_1.jpg,0,23
./train/0_190_1.jpg,0,24
./train/0_190_2.jpg,0,24
./train/0_190_3.jpg,0,24
./train/0_191_3.jpg,1,21
./train/0_191_1.jpg,1,21
./train/0_191_2.jpg,1,21
./train/0_192_2.jpg,1,18
./train/1_192_2.jpg,1,18
./train/0_192_1.jpg,1,18
./train/0_192_3.jpg,1,18
./train/0_193_2.jpg,1,20
./train/0_193_1.jpg,1,20
./train/0_193_3.jpg,1,20
./train/0_194_3.jpg,1,25
./train/0_194_1.jpg,1,25
./train/0_194_2.jpg,1,25
./train/0_195_1.jpg,1,26
./train/0_195_2.jpg,1,26
./train/0_195_3.jpg,1,26
./train/0_196_1.jpg,0,25
./train/0_196_2.jpg,0,25
./train/0_196_3.jpg,0,25
./train/0_197_3.jpg,0,25
./train/0_197_1.jpg,0,25
./train/0_197_2.jpg,0,25
./train/0_198_2.jpg,0,30
./train/0_198_3.jpg,0,30
./train/1_198_3.jpg,0,30
./train/2_198_3.jpg,0,30
./train/3_198_3.jpg,0,30
./train/0_198_1.jpg,0,30
./train/0_199_1.jpg,1,26
./train/0_199_3.jpg,1,26
./train/1_199_3.jpg,1,26
./train/0_199_2.jpg,1,26
./train/1_199_2.jpg,1,26
./train/2_199_2.jpg,1,26
./train/3_199_2.jpg,1,26
./train/0_200_1.jpg,1,31
./train/0_200_2.jpg,1,31
./train/0_200_3.jpg,1,31
./train/0_201_3.jpg,1,26
./train/0_201_2.jpg,1,26
./train/1_201_2.jpg,1,26
./train/2_201_2.jpg,1,26
./train/0_201_1.jpg,1,26
./train/0_202_1.jpg,1,27
./train/0_202_2.jpg,1,27
./train/0_202_3.jpg,1,27
./train/1_202_3.jpg,1,27
./train/0_203_1.jpg,1,25
./train/0_203_3.jpg,1,25
./train/1_203_3.jpg,1,25
./train/2_203_3.jpg,1,25
./train/0_203_2.jpg,1,25
./train/1_203_2.jpg,1,25
./train/0_204_1.jpg,1,24
./train/0_204_2.jpg,1,24
./train/0_204_3.jpg,1,24
./train/0_205_2.jpg,0,29
./train/1_205_2.jpg,0,29
./train/0_205_3.jpg,0,29
./train/0_205_1.jpg,0,29
./train/0_206_2.jpg,0,27
./train/0_206_3.jpg,0,27
./train/0_206_1.jpg,0,27
./train/0_207_2.jpg,1,28
./train/0_207_3.jpg,1,28
./train/0_207_1.jpg,1,28
./train/1_207_1.jpg,1,28
./train/2_207_1.jpg,1,28
./train/3_207_1.jpg,1,28
./train/4_207_1.jpg,1,28
./train/5_207_1.jpg,1,28
./train/6_207_1.jpg,1,28
./train/7_207_1.jpg,1,28
./train/0_208_1.jpg,1,26
./train/0_208_3.jpg,1,26
./train/1_208_3.jpg,1,26
./train/0_208_2.jpg,1,26
./train/1_208_2.jpg,1,26
./train/0_209_3.jpg,1,22
./train/0_209_2.jpg,1,22
./train/0_209_1.jpg,1,22
./train/0_210_2.jpg,1,26
./train/0_210_1.jpg,1,26
./train/0_210_3.jpg,1,26
./train/1_210_3.jpg,1,26
./train/0_211_1.jpg,1,16
./train/0_211_2.jpg,1,16
./train/0_211_3.jpg,1,16
./train/0_212_1.jpg,1,23
./train/1_212_1.jpg,1,23
./train/0_212_2.jpg,1,23
./train/0_212_3.jpg,1,23
./train/0_213_2.jpg,1,24
./train/0_213_1.jpg,1,24
./train/0_213_3.jpg,1,24
./train/0_214_3.jpg,0,18
./train/0_214_2.jpg,0,18
./train/0_214_1.jpg,0,18
./train/0_215_2.jpg,0,24
./train/0_215_1.jpg,0,24
./train/0_215_3.jpg,0,24
./train/0_216_3.jpg,1,21
./train/1_216_3.jpg,1,21
./train/2_216_3.jpg,1,21
./train/0_216_2.jpg,1,21
./train/0_216_1.jpg,1,21
./train/0_217_2.jpg,1,27
./train/0_217_1.jpg,1,27
./train/1_217_1.jpg,1,27
./train/2_217_1.jpg,1,27
./train/0_217_3.jpg,1,27
./train/1_217_3.jpg,1,27
./train/0_218_3.jpg,1,47
./train/0_218_1.jpg,1,47
./train/1_218_1.jpg,1,47
./train/0_218_2.jpg,1,47
./train/0_219_1.jpg,1,22
./train/0_219_2.jpg,1,22
./train/0_219_3.jpg,1,22
./train/0_220_2.jpg,1,24
./train/1_220_2.jpg,1,24
./train/2_220_2.jpg,1,24
./train/3_220_2.jpg,1,24
./train/4_220_2.jpg,1,24
./train/0_220_1.jpg,1,24
./train/0_220_3.jpg,1,24
./train/0_221_1.jpg,1,30
./train/1_221_1.jpg,1,30
./train/2_221_1.jpg,1,30
./train/3_221_1.jpg,1,30
./train/0_221_2.jpg,1,30
./train/1_221_2.jpg,1,30
./train/2_221_2.jpg,1,30
./train/3_221_2.jpg,1,30
./train/0_221_3.jpg,1,30
./train/1_221_3.jpg,1,30
./train/0_222_3.jpg,0,24
./train/0_222_2.jpg,0,24
./train/0_222_1.jpg,0,24
./train/0_223_3.jpg,0,27
./train/0_223_1.jpg,0,27
./train/0_223_2.jpg,0,27
./train/0_224_2.jpg,0,26
./train/1_224_2.jpg,0,26
./train/0_224_1.jpg,0,26
./train/1_224_1.jpg,0,26
./train/0_224_3.jpg,0,26
./train/0_225_1.jpg,0,22
./train/0_225_3.jpg,0,22
./train/0_225_2.jpg,0,22
./train/0_226_3.jpg,1,26
./train/0_226_2.jpg,1,26
./train/0_226_1.jpg,1,26
./train/0_227_3.jpg,0,19
./train/1_227_3.jpg,0,19
./train/0_227_1.jpg,0,19
./train/0_227_2.jpg,0,19
./train/1_227_2.jpg,0,19
./train/0_228_2.jpg,0,23
./train/0_228_1.jpg,0,23
./train/0_228_3.jpg,0,23
./train/0_229_2.jpg,1,33
./train/0_229_3.jpg,1,33
./train/0_229_1.jpg,1,33
./train/0_230_1.jpg,0,23
./train/0_230_2.jpg,0,23
./train/0_230_3.jpg,0,23
./train/0_231_1.jpg,0,29
./train/0_231_2.jpg,0,29
./train/0_231_3.jpg,0,29
./train/0_232_1.jpg,0,38
./train/0_232_2.jpg,0,38
./train/0_232_3.jpg,0,38
./train/0_233_1.jpg,0,28
./train/0_233_2.jpg,0,28
./train/0_233_3.jpg,0,28
./train/0_234_1.jpg,0,30
./train/0_234_2.jpg,0,30
./train/0_234_3.jpg,0,30
./train/1_234_3.jpg,0,30
./train/2_234_3.jpg,0,30
./train/0_235_2.jpg,0,24
./train/0_235_1.jpg,0,24
./train/0_235_3.jpg,0,24
./train/0_236_3.jpg,0,30
./train/0_236_2.jpg,0,30
./train/0_236_1.jpg,0,30
./train/0_237_1.jpg,0,21
./train/0_237_2.jpg,0,21
./train/0_237_3.jpg,0,21
./train/1_237_3.jpg,0,21
./train/2_237_3.jpg,0,21
./train/3_237_3.jpg,0,21
./train/0_238_1.jpg,0,26
./train/1_238_1.jpg,0,26
./train/0_238_3.jpg,0,26
./train/0_238_2.jpg,0,26
./train/0_239_2.jpg,1,40
./train/0_239_1.jpg,1,40
./train/1_239_1.jpg,1,40
./train/0_239_3.jpg,1,40
./train/0_240_2.jpg,1,22
./train/0_240_3.jpg,1,22
./train/0_240_1.jpg,1,22
./train/0_241_3.jpg,0,27
./train/0_241_2.jpg,0,27
./train/0_241_1.jpg,0,27
./train/0_242_1.jpg,0,32
./train/1_242_1.jpg,0,32
./train/0_242_3.jpg,0,32
./train/0_242_2.jpg,0,32
./train/1_242_2.jpg,0,32
./train/0_243_3.jpg,1,32
./train/0_243_1.jpg,1,32
./train/0_243_2.jpg,1,32
./train/0_244_1.jpg,1,28
./train/0_244_3.jpg,1,28
./train/0_244_2.jpg,1,28
./train/0_245_3.jpg,0,35
./train/1_245_3.jpg,0,35
./train/0_245_2.jpg,0,35
./train/0_245_1.jpg,0,35
./train/0_246_3.jpg,0,21
./train/0_246_2.jpg,0,21
./train/0_246_1.jpg,0,21
./train/0_247_2.jpg,0,22
./train/0_247_3.jpg,0,22
./train/1_247_3.jpg,0,22
./train/2_247_3.jpg,0,22
./train/3_247_3.jpg,0,22
./train/0_247_1.jpg,0,22
./train/1_247_1.jpg,0,22
./train/2_247_1.jpg,0,22
./train/3_247_1.jpg,0,22
./train/0_248_2.jpg,0,24
./train/0_248_3.jpg,0,24
./train/0_248_1.jpg,0,24
./train/0_249_3.jpg,0,27
./train/0_249_1.jpg,0,27
./train/0_249_2.jpg,0,27
./train/0_250_1.jpg,0,18
./train/1_250_1.jpg,0,18
./train/2_250_1.jpg,0,18
./train/3_250_1.jpg,0,18
./train/0_250_2.jpg,0,18
./train/0_250_3.jpg,0,18
./train/0_251_3.jpg,0,28
./train/0_251_2.jpg,0,28
./train/0_251_1.jpg,0,28
./train/0_252_2.jpg,1,27
./train/0_252_1.jpg,1,27
./train/0_252_3.jpg,1,27
./train/1_252_3.jpg,1,27
./train/0_253_1.jpg,0,25
./train/0_253_2.jpg,0,25
./train/0_253_3.jpg,0,25
./train/0_254_3.jpg,0,28
./train/0_254_2.jpg,0,28
./train/1_254_2.jpg,0,28
./train/2_254_2.jpg,0,28
./train/3_254_2.jpg,0,28
./train/0_254_1.jpg,0,28
./train/0_255_1.jpg,0,32
./train/0_255_3.jpg,0,32
./train/1_255_3.jpg,0,32
./train/2_255_3.jpg,0,32
./train/0_255_2.jpg,0,32
./train/0_256_3.jpg,0,24
./train/1_256_3.jpg,0,24
./train/2_256_3.jpg,0,24
./train/3_256_3.jpg,0,24
./train/0_256_1.jpg,0,24
./train/0_256_2.jpg,0,24
./train/0_257_2.jpg,0,28
./train/0_257_1.jpg,0,28
./train/0_257_3.jpg,0,28
./train/0_258_2.jpg,1,25
./train/0_258_1.jpg,1,25
./train/1_258_1.jpg,1,25
./train/0_258_3.jpg,1,25
./train/1_258_3.jpg,1,25
./train/2_258_3.jpg,1,25
./train/3_258_3.jpg,1,25
./train/0_259_1.jpg,0,6
./train/0_259_2.jpg,0,6
./train/0_259_3.jpg,0,6
./train/260_2.jpg,0,26
./train/0_260_1.jpg,0,26
./train/0_260_3.jpg,0,26
./train/0_261_1.jpg,0,27
./train/0_261_2.jpg,0,27
./train/0_261_3.jpg,0,27
./train/0_262_2.jpg,0,26
./train/0_262_1.jpg,0,26
./train/0_262_3.jpg,0,26
./train/0_263_3.jpg,0,30
./train/1_263_3.jpg,0,30
./train/0_263_1.jpg,0,30
./train/0_263_2.jpg,0,30
./train/0_264_3.jpg,0,27
./train/0_264_1.jpg,0,27
./train/0_264_2.jpg,0,27
./train/0_265_3.jpg,0,24
./train/0_265_2.jpg,0,24
./train/0_265_1.jpg,0,24
./train/0_266_2.jpg,0,21
./train/1_266_2.jpg,0,21
./train/2_266_2.jpg,0,21
./train/3_266_2.jpg,0,21
./train/0_266_3.jpg,0,21
./train/1_266_3.jpg,0,21
./train/2_266_3.jpg,0,21
./train/3_266_3.jpg,0,21
./train/0_266_1.jpg,0,21
./train/0_267_2.jpg,1,32
./train/0_267_1.jpg,1,32
./train/0_267_3.jpg,1,32
./train/0_268_2.jpg,0,24
./train/1_268_2.jpg,0,24
./train/0_268_1.jpg,0,24
./train/0_268_3.jpg,0,24
./train/0_269_1.jpg,0,21
./train/0_269_2.jpg,0,21
./train/0_269_3.jpg,0,21
./train/1_269_3.jpg,0,21
./train/0_270_2.jpg,0,25
./train/0_270_3.jpg,0,25
./train/0_270_1.jpg,0,25
./train/0_271_3.jpg,1,28
./train/0_271_1.jpg,1,28
./train/0_271_2.jpg,1,28
./train/0_272_1.jpg,1,25
./train/0_272_2.jpg,1,25
./train/0_272_3.jpg,1,25
./train/1_272_3.jpg,1,25
./train/2_272_3.jpg,1,25
./train/0_273_1.jpg,0,26
./train/0_273_3.jpg,0,26
./train/0_273_2.jpg,0,26
./train/0_274_3.jpg,1,28
./train/1_274_3.jpg,1,28
./train/2_274_3.jpg,1,28
./train/3_274_3.jpg,1,28
./train/0_274_1.jpg,1,28
./train/0_274_2.jpg,1,28
./train/1_274_2.jpg,1,28
./train/0_275_1.jpg,0,25
./train/0_275_3.jpg,0,25
./train/0_275_2.jpg,0,25
./train/0_276_1.jpg,1,30
./train/0_276_2.jpg,1,30
./train/1_276_2.jpg,1,30
./train/0_276_3.jpg,1,30
./train/0_277_1.jpg,1,28
./train/0_277_2.jpg,1,28
./train/0_277_3.jpg,1,28
./train/0_278_2.jpg,1,23
./train/0_278_3.jpg,1,23
./train/1_278_3.jpg,1,23
./train/0_278_1.jpg,1,23
./train/0_279_2.jpg,1,24
./train/0_279_3.jpg,1,24
./train/0_279_1.jpg,1,24
./train/0_280_1.jpg,1,30
./train/0_280_3.jpg,1,30
./train/1_280_3.jpg,1,30
./train/0_280_2.jpg,1,30
./train/0_281_1.jpg,0,23
./train/1_281_1.jpg,0,23
./train/2_281_1.jpg,0,23
./train/3_281_1.jpg,0,23
./train/0_281_2.jpg,0,23
./train/0_281_3.jpg,0,23
./train/0_282_1.jpg,1,25
./train/0_282_3.jpg,1,25
./train/1_282_3.jpg,1,25
./train/0_282_2.jpg,1,25
./train/1_282_2.jpg,1,25
./train/0_283_1.jpg,0,24
./train/0_283_2.jpg,0,24
./train/0_283_3.jpg,0,24
./train/0_284_3.jpg,0,23
./train/1_284_3.jpg,0,23
./train/2_284_3.jpg,0,23
./train/3_284_3.jpg,0,23
./train/0_284_2.jpg,0,23
./train/1_284_2.jpg,0,23
./train/2_284_2.jpg,0,23
./train/0_284_1.jpg,0,23
./train/1_284_1.jpg,0,23
./train/2_284_1.jpg,0,23
./train/3_284_1.jpg,0,23
./train/0_285_3.jpg,0,30
./train/1_285_3.jpg,0,30
./train/0_285_2.jpg,0,30
./train/0_285_1.jpg,0,30
./train/0_286_2.jpg,0,42
./train/0_286_3.jpg,0,42
./train/0_286_1.jpg,0,42
./train/0_287_3.jpg,1,24
./train/0_287_2.jpg,1,24
./train/0_287_1.jpg,1,24
./train/0_288_3.jpg,0,29
./train/1_288_3.jpg,0,29
./train/2_288_3.jpg,0,29
./train/0_288_1.jpg,0,29
./train/0_288_2.jpg,0,29
./train/0_289_3.jpg,1,19
./train/0_289_2.jpg,1,19
./train/0_289_1.jpg,1,19
./train/0_290_2.jpg,1,23
./train/0_290_3.jpg,1,23
./train/1_290_3.jpg,1,23
./train/0_290_1.jpg,1,23
./train/0_291_3.jpg,1,22
./train/1_291_3.jpg,1,22
./train/0_291_1.jpg,1,22
./train/0_291_2.jpg,1,22
./train/0_292_3.jpg,1,20
./train/0_292_1.jpg,1,20
./train/0_292_2.jpg,1,20
./train/0_293_1.jpg,1,24
./train/0_293_3.jpg,1,24
./train/1_293_3.jpg,1,24
./train/2_293_3.jpg,1,24
./train/3_293_3.jpg,1,24
./train/0_293_2.jpg,1,24
./train/0_294_2.jpg,0,36
./train/0_294_1.jpg,0,36
./train/0_294_3.jpg,0,36
./train/0_295_2.jpg,0,23
./train/0_295_1.jpg,0,23
./train/0_295_3.jpg,0,23
./train/0_296_1.jpg,0,21
./train/0_296_2.jpg,0,21
./train/0_296_3.jpg,0,21
./train/0_297_2.jpg,0,26
./train/0_297_3.jpg,0,26
./train/0_297_1.jpg,0,26
./train/0_298_3.jpg,1,27
./train/0_298_1.jpg,1,27
./train/0_298_2.jpg,1,27
./train/1_298_2.jpg,1,27
./train/2_298_2.jpg,1,27
./train/3_298_2.jpg,1,27
./train/0_299_2.jpg,0,22
./train/0_299_1.jpg,0,22
./train/0_299_3.jpg,0,22
./train/0_300_1.jpg,1,26
./train/0_300_2.jpg,1,26
./train/0_300_3.jpg,1,26
./train/0_301_3.jpg,0,30
./train/0_301_2.jpg,0,30
./train/0_301_1.jpg,0,30
./train/0_302_2.jpg,1,33
./train/0_302_3.jpg,1,33
./train/0_302_1.jpg,1,33
./train/0_303_3.jpg,1,25
./train/0_303_1.jpg,1,25
./train/0_303_2.jpg,1,25
./train/0_304_1.jpg,1,29
./train/0_304_3.jpg,1,29
./train/0_304_2.jpg,1,29
./train/0_305_1.jpg,1,22
./train/0_305_3.jpg,1,22
./train/0_305_2.jpg,1,22
./train/0_306_1.jpg,0,30
./train/0_306_2.jpg,0,30
./train/0_306_3.jpg,0,30
./train/0_307_1.jpg,0,32
./train/0_307_2.jpg,0,32
./train/1_307_2.jpg,0,32
./train/0_307_3.jpg,0,32
./train/1_307_3.jpg,0,32
./train/2_307_3.jpg,0,32
./train/3_307_3.jpg,0,32
./train/0_308_2.jpg,0,21
./train/0_308_1.jpg,0,21
./train/1_308_1.jpg,0,21
./train/0_308_3.jpg,0,21
./train/0_309_1.jpg,0,26
./train/0_309_3.jpg,0,26
./train/1_309_3.jpg,0,26
./train/2_309_3.jpg,0,26
./train/3_309_3.jpg,0,26
./train/4_309_3.jpg,0,26
./train/5_309_3.jpg,0,26
./train/6_309_3.jpg,0,26
./train/0_309_2.jpg,0,26
./train/0_310_1.jpg,1,24
./train/0_310_2.jpg,1,24
./train/0_310_3.jpg,1,24
./train/0_311_2.jpg,0,20
./train/0_311_3.jpg,0,20
./train/0_311_1.jpg,0,20
./train/0_312_3.jpg,0,30
./train/0_312_1.jpg,0,30
./train/1_312_1.jpg,0,30
./train/2_312_1.jpg,0,30
./train/0_312_2.jpg,0,30
./train/0_313_1.jpg,0,27
./train/1_313_1.jpg,0,27
./train/0_313_3.jpg,0,27
./train/0_313_2.jpg,0,27
./train/0_314_3.jpg,0,32
./train/0_314_2.jpg,0,32
./train/0_314_1.jpg,0,32
./train/0_315_3.jpg,0,25
./train/0_315_2.jpg,0,25
./train/0_315_1.jpg,0,25
./train/0_316_3.jpg,0,23
./train/0_316_1.jpg,0,23
./train/0_316_2.jpg,0,23
./train/0_317_3.jpg,0,23
./train/0_317_1.jpg,0,23
./train/1_317_1.jpg,0,23
./train/2_317_1.jpg,0,23
./train/3_317_1.jpg,0,23
./train/0_317_2.jpg,0,23
./train/0_318_3.jpg,0,29
./train/0_318_2.jpg,0,29
./train/0_318_1.jpg,0,29
./train/0_319_1.jpg,1,19
./train/0_319_3.jpg,1,19
./train/1_319_3.jpg,1,19
./train/0_319_2.jpg,1,19
./train/0_320_1.jpg,1,27
./train/0_320_3.jpg,1,27
./train/0_320_2.jpg,1,27
./train/0_321_3.jpg,1,25
./train/0_321_1.jpg,1,25
./train/0_321_2.jpg,1,25
./train/0_322_3.jpg,0,22
./train/1_322_3.jpg,0,22
./train/0_322_2.jpg,0,22
./train/1_322_2.jpg,0,22
./train/2_322_2.jpg,0,22
./train/0_322_1.jpg,0,22
./train/0_323_3.jpg,0,31
./train/1_323_3.jpg,0,31
./train/2_323_3.jpg,0,31
./train/0_323_2.jpg,0,31
./train/0_323_1.jpg,0,31
./train/0_324_2.jpg,1,27
./train/0_324_1.jpg,1,27
./train/1_324_1.jpg,1,27
./train/0_324_3.jpg,1,27
./train/0_325_3.jpg,1,27
./train/0_325_2.jpg,1,27
./train/0_325_1.jpg,1,27
./train/0_326_3.jpg,0,22
./train/0_326_2.jpg,0,22
./train/0_326_1.jpg,0,22
./train/1_326_1.jpg,0,22
./train/0_327_2.jpg,0,28
./train/0_327_3.jpg,0,28
./train/0_327_1.jpg,0,28
./train/0_328_3.jpg,0,34
./train/0_328_2.jpg,0,34
./train/0_328_1.jpg,0,34
./train/0_329_2.jpg,0,28
./train/0_329_3.jpg,0,28
./train/0_329_1.jpg,0,28
./train/0_330_1.jpg,0,32
./train/1_330_1.jpg,0,32
./train/0_330_2.jpg,0,32
./train/1_330_2.jpg,0,32
./train/0_330_3.jpg,0,32
./train/1_330_3.jpg,0,32
./train/0_331_3.jpg,0,23
./train/0_331_2.jpg,0,23
./train/0_331_1.jpg,0,23
./train/0_332_2.jpg,1,24
./train/1_332_2.jpg,1,24
./train/2_332_2.jpg,1,24
./train/3_332_2.jpg,1,24
./train/4_332_2.jpg,1,24
./train/0_332_3.jpg,1,24
./train/0_332_1.jpg,1,24
./train/1_332_1.jpg,1,24
./train/0_333_3.jpg,1,28
./train/0_333_1.jpg,1,28
./train/0_333_2.jpg,1,28
./train/0_334_1.jpg,0,50
./train/0_334_2.jpg,0,50
./train/0_334_3.jpg,0,50
./train/1_334_3.jpg,0,50
./train/2_334_3.jpg,0,50
./train/0_335_1.jpg,1,23
./train/0_335_2.jpg,1,23
./train/0_335_3.jpg,1,23
./train/0_336_3.jpg,1,24
./train/1_336_3.jpg,1,24
./train/0_336_2.jpg,1,24
./train/1_336_2.jpg,1,24
./train/0_336_1.jpg,1,24
./train/0_337_1.jpg,1,28
./train/1_337_1.jpg,1,28
./train/0_337_2.jpg,1,28
./train/1_337_2.jpg,1,28
./train/0_337_3.jpg,1,28
./train/1_337_3.jpg,1,28
./train/0_338_1.jpg,1,20
./train/0_338_2.jpg,1,20
./train/0_338_3.jpg,1,20
./train/1_338_3.jpg,1,20
./train/0_339_3.jpg,1,24
./train/0_339_1.jpg,1,24
./train/0_339_2.jpg,1,24
./train/0_340_3.jpg,1,23
./train/1_340_3.jpg,1,23
./train/0_340_1.jpg,1,23
./train/0_340_2.jpg,1,23
./train/0_341_1.jpg,0,19
./train/0_341_3.jpg,0,19
./train/0_341_2.jpg,0,19
./train/0_342_3.jpg,0,25
./train/1_342_3.jpg,0,25
./train/2_342_3.jpg,0,25
./train/3_342_3.jpg,0,25
./train/0_342_1.jpg,0,25
./train/0_342_2.jpg,0,25
./train/0_343_1.jpg,0,20
./train/0_343_3.jpg,0,20
./train/0_343_2.jpg,0,20
./train/0_344_1.jpg,0,24
./train/0_344_3.jpg,0,24
./train/0_344_2.jpg,0,24
./train/0_345_2.jpg,1,24
./train/1_345_2.jpg,1,24
./train/2_345_2.jpg,1,24
./train/3_345_2.jpg,1,24
./train/0_345_3.jpg,1,24
./train/0_345_1.jpg,1,24
./train/0_346_3.jpg,1,23
./train/0_346_1.jpg,1,23
./train/0_346_2.jpg,1,23
./train/0_347_1.jpg,0,26
./train/0_347_3.jpg,0,26
./train/0_347_2.jpg,0,26
./train/0_348_1.jpg,1,23
./train/0_348_2.jpg,1,23
./train/0_348_3.jpg,1,23
./train/0_349_2.jpg,1,27
./train/0_349_1.jpg,1,27
./train/0_349_3.jpg,1,27
./train/0_350_3.jpg,1,28
./train/0_350_1.jpg,1,28
./train/0_350_2.jpg,1,28
./train/1_350_2.jpg,1,28
./train/0_351_2.jpg,1,25
./train/1_351_2.jpg,1,25
./train/2_351_2.jpg,1,25
./train/3_351_2.jpg,1,25
./train/0_351_3.jpg,1,25
./train/1_351_3.jpg,1,25
./train/0_351_1.jpg,1,25
./train/0_352_3.jpg,0,20
./train/0_352_1.jpg,0,20
./train/0_352_2.jpg,0,20
./train/0_353_3.jpg,0,29
./train/0_353_1.jpg,0,29
./train/0_353_2.jpg,0,29
./train/0_354_3.jpg,0,25
./train/0_354_2.jpg,0,25
./train/0_354_1.jpg,0,25
./train/0_355_1.jpg,1,8
./train/0_355_3.jpg,1,8
./train/0_355_2.jpg,1,8
./train/0_356_3.jpg,0,28
./train/0_356_1.jpg,0,28
./train/0_356_2.jpg,0,28
./train/0_357_2.jpg,1,31
./train/0_357_3.jpg,1,31
./train/0_357_1.jpg,1,31
./train/0_358_2.jpg,0,34
./train/1_358_2.jpg,0,34
./train/0_358_1.jpg,0,34
./train/0_358_3.jpg,0,34
./train/0_359_1.jpg,1,25
./train/0_359_2.jpg,1,25
./train/0_359_3.jpg,1,25
./train/0_360_3.jpg,0,43
./train/0_360_1.jpg,0,43
./train/0_360_2.jpg,0,43
./train/0_361_3.jpg,0,22
./train/0_361_2.jpg,0,22
./train/0_361_1.jpg,0,22
./train/0_362_2.jpg,1,28
./train/0_362_3.jpg,1,28
./train/0_362_1.jpg,1,28
./train/0_363_2.jpg,0,25
./train/0_363_3.jpg,0,25
./train/0_363_1.jpg,0,25
./train/0_364_1.jpg,0,24
./train/0_364_3.jpg,0,24
./train/0_364_2.jpg,0,24
./train/0_365_3.jpg,0,34
./train/1_365_3.jpg,0,34
./train/0_365_2.jpg,0,34
./train/0_365_1.jpg,0,34
./train/1_365_1.jpg,0,34
./train/0_366_1.jpg,0,25
./train/0_366_2.jpg,0,25
./train/0_366_3.jpg,0,25
./train/1_366_3.jpg,0,25
./train/0_367_1.jpg,0,25
./train/0_367_2.jpg,0,25
./train/0_367_3.jpg,0,25
./train/0_368_1.jpg,0,26
./train/0_368_3.jpg,0,26
./train/0_368_2.jpg,0,26
./train/1_368_2.jpg,0,26
./train/0_369_2.jpg,0,27
./train/0_369_1.jpg,0,27
./train/0_369_3.jpg,0,27
./train/0_370_2.jpg,0,25
./train/0_370_1.jpg,0,25
./train/0_370_3.jpg,0,25
./train/0_371_2.jpg,0,24
./train/1_371_2.jpg,0,24
./train/2_371_2.jpg,0,24
./train/3_371_2.jpg,0,24
./train/0_371_1.jpg,0,24
./train/0_371_3.jpg,0,24
./train/0_372_3.jpg,0,24
./train/0_372_1.jpg,0,24
./train/0_372_2.jpg,0,24
./train/0_373_3.jpg,0,29
./train/1_373_3.jpg,0,29
./train/2_373_3.jpg,0,29
./train/0_373_2.jpg,0,29
./train/0_373_1.jpg,0,29
./train/0_374_1.jpg,0,25
./train/0_374_3.jpg,0,25
./train/0_374_2.jpg,0,25
./train/0_375_1.jpg,0,30
./train/0_375_2.jpg,0,30
./train/0_375_3.jpg,0,30
./train/1_375_3.jpg,0,30
./train/0_376_2.jpg,0,25
./train/0_376_3.jpg,0,25
./train/0_376_1.jpg,0,25
./train/0_377_3.jpg,0,24
./train/0_377_1.jpg,0,24
./train/1_377_1.jpg,0,24
./train/0_377_2.jpg,0,24
./train/0_378_1.jpg,1,22
./train/0_378_3.jpg,1,22
./train/0_378_2.jpg,1,22
./train/0_379_1.jpg,0,31
./train/0_379_3.jpg,0,31
./train/0_379_2.jpg,0,31
./train/0_380_3.jpg,0,25
./train/0_380_2.jpg,0,25
./train/0_380_1.jpg,0,25
./train/0_381_3.jpg,0,36
./train/0_381_1.jpg,0,36
./train/0_381_2.jpg,0,36
./train/0_382_2.jpg,1,30
./train/1_382_2.jpg,1,30
./train/0_382_1.jpg,1,30
./train/0_382_3.jpg,1,30
./train/0_383_2.jpg,0,26
./train/0_383_1.jpg,0,26
./train/1_383_1.jpg,0,26
./train/0_383_3.jpg,0,26
./train/0_384_3.jpg,0,37
./train/1_384_3.jpg,0,37
./train/0_384_1.jpg,0,37
./train/1_384_1.jpg,0,37
./train/0_384_2.jpg,0,37
./train/0_385_1.jpg,0,42
./train/0_385_2.jpg,0,42
./train/0_385_3.jpg,0,42
./train/0_386_2.jpg,1,34
./train/0_386_1.jpg,1,34
./train/0_386_3.jpg,1,34
./train/0_387_3.jpg,0,27
./train/0_387_1.jpg,0,27
./train/0_387_2.jpg,0,27
./train/0_388_1.jpg,1,27
./train/0_388_2.jpg,1,27
./train/0_388_3.jpg,1,27
./train/0_389_1.jpg,0,27
./train/0_389_3.jpg,0,27
./train/0_389_2.jpg,0,27
./train/0_390_2.jpg,0,36
./train/0_390_3.jpg,0,36
./train/0_390_1.jpg,0,36
./train/0_391_1.jpg,1,34
./train/0_391_3.jpg,1,34
./train/0_391_2.jpg,1,34
./train/0_392_1.jpg,0,35
./train/1_392_1.jpg,0,35
./train/0_392_2.jpg,0,35
./train/0_392_3.jpg,0,35
./train/0_393_1.jpg,0,23
./train/0_393_3.jpg,0,23
./train/0_393_2.jpg,0,23
./train/1_393_2.jpg,0,23
./train/0_394_2.jpg,0,46
./train/0_394_3.jpg,0,46
./train/0_394_1.jpg,0,46
./train/1_394_1.jpg,0,46
./train/0_395_1.jpg,1,25
./train/0_395_3.jpg,1,25
./train/1_395_3.jpg,1,25
./train/2_395_3.jpg,1,25
./train/3_395_3.jpg,1,25
./train/0_395_2.jpg,1,25
./train/0_396_2.jpg,1,27
./train/0_396_1.jpg,1,27
./train/0_396_3.jpg,1,27
./train/1_396_3.jpg,1,27
./train/0_397_2.jpg,0,26
./train/0_397_3.jpg,0,26
./train/0_397_1.jpg,0,26
./train/0_398_1.jpg,1,27
./train/0_398_2.jpg,1,27
./train/0_398_3.jpg,1,27
./train/0_399_3.jpg,1,27
./train/1_399_3.jpg,1,27
./train/2_399_3.jpg,1,27
./train/3_399_3.jpg,1,27
./train/4_399_3.jpg,1,27
./train/5_399_3.jpg,1,27
./train/6_399_3.jpg,1,27
./train/7_399_3.jpg,1,27
./train/8_399_3.jpg,1,27
./train/9_399_3.jpg,1,27
./train/10_399_3.jpg,1,27
./train/0_399_2.jpg,1,27
./train/1_399_2.jpg,1,27
./train/0_399_1.jpg,1,27
./train/0_400_2.jpg,1,29
./train/0_400_3.jpg,1,29
./train/0_400_1.jpg,1,29
./train/0_401_2.jpg,1,24
./train/0_401_1.jpg,1,24
./train/0_401_3.jpg,1,24
./train/0_402_2.jpg,1,27
./train/1_402_2.jpg,1,27
./train/2_402_2.jpg,1,27
./train/0_402_1.jpg,1,27
./train/0_402_3.jpg,1,27
./train/1_402_3.jpg,1,27
./train/0_403_2.jpg,1,23
./train/0_403_1.jpg,1,23
./train/0_403_3.jpg,1,23
./train/1_403_3.jpg,1,23
./train/0_404_1.jpg,0,19
./train/0_404_3.jpg,0,19
./train/0_404_2.jpg,0,19
./train/0_405_1.jpg,0,27
./train/0_405_2.jpg,0,27
./train/0_405_3.jpg,0,27
./train/1_405_3.jpg,0,27
./train/0_406_2.jpg,1,23
./train/0_406_1.jpg,1,23
./train/0_406_3.jpg,1,23
./train/1_406_3.jpg,1,23
./train/0_407_2.jpg,1,32
./train/0_407_3.jpg,1,32
./train/0_407_1.jpg,1,32
./train/1_407_1.jpg,1,32
./train/0_408_1.jpg,1,26
./train/0_408_2.jpg,1,26
./train/0_408_3.jpg,1,26
./train/0_409_2.jpg,1,25
./train/0_409_1.jpg,1,25
./train/0_409_3.jpg,1,25
./train/0_410_2.jpg,0,25
./train/0_410_1.jpg,0,25
./train/1_410_1.jpg,0,25
./train/2_410_1.jpg,0,25
./train/3_410_1.jpg,0,25
./train/0_410_3.jpg,0,25
./train/0_411_1.jpg,1,26
./train/0_411_3.jpg,1,26
./train/0_411_2.jpg,1,26
./train/0_412_3.jpg,0,20
./train/0_412_2.jpg,0,20
./train/0_412_1.jpg,0,20
./train/0_413_1.jpg,0,24
./train/1_413_1.jpg,0,24
./train/2_413_1.jpg,0,24
./train/3_413_1.jpg,0,24
./train/4_413_1.jpg,0,24
./train/0_413_3.jpg,0,24
./train/0_413_2.jpg,0,24
./train/0_414_1.jpg,0,27
./train/0_414_2.jpg,0,27
./train/0_414_3.jpg,0,27
./train/0_415_1.jpg,0,40
./train/0_415_2.jpg,0,40
./train/0_415_3.jpg,0,40
./train/0_416_1.jpg,0,25
./train/0_416_2.jpg,0,25
./train/1_416_2.jpg,0,25
./train/2_416_2.jpg,0,25
./train/3_416_2.jpg,0,25
./train/0_416_3.jpg,0,25
./train/0_417_2.jpg,0,24
./train/0_417_1.jpg,0,24
./train/0_417_3.jpg,0,24
./train/1_417_3.jpg,0,24
./train/0_418_3.jpg,0,27
./train/0_418_1.jpg,0,27
./train/0_418_2.jpg,0,27
./train/0_419_2.jpg,0,25
./train/0_419_1.jpg,0,25
./train/0_419_3.jpg,0,25
./train/1_419_3.jpg,0,25
./train/0_420_1.jpg,1,24
./train/1_420_1.jpg,1,24
./train/0_420_2.jpg,1,24
./train/1_420_2.jpg,1,24
./train/0_420_3.jpg,1,24
./train/1_420_3.jpg,1,24
./train/2_420_3.jpg,1,24
./train/0_421_1.jpg,0,25
./train/0_421_3.jpg,0,25
./train/0_421_2.jpg,0,25
./train/0_422_1.jpg,0,25
./train/0_422_2.jpg,0,25
./train/0_422_3.jpg,0,25
./train/0_423_2.jpg,1,25
./train/0_423_1.jpg,1,25
./train/0_423_3.jpg,1,25
./train/0_424_1.jpg,1,27
./train/0_424_3.jpg,1,27
./train/0_424_2.jpg,1,27
./train/0_425_1.jpg,1,26
./train/0_425_2.jpg,1,26
./train/0_425_3.jpg,1,26
./train/1_425_3.jpg,1,26
./train/0_426_1.jpg,0,32
./train/0_426_2.jpg,0,32
./train/0_426_3.jpg,0,32
./train/0_427_1.jpg,0,25
./train/0_427_3.jpg,0,25
./train/0_427_2.jpg,0,25
./train/0_428_2.jpg,0,23
./train/1_428_2.jpg,0,23
./train/2_428_2.jpg,0,23
./train/0_428_1.jpg,0,23
./train/0_428_3.jpg,0,23
./train/0_429_1.jpg,0,28
./train/0_429_3.jpg,0,28
./train/1_429_3.jpg,0,28
./train/0_429_2.jpg,0,28
./train/0_430_3.jpg,1,24
./train/0_430_2.jpg,1,24
./train/0_430_1.jpg,1,24
./train/0_431_2.jpg,0,25
./train/0_431_1.jpg,0,25
./train/0_431_3.jpg,0,25
./train/0_432_2.jpg,0,27
./train/0_432_3.jpg,0,27
./train/0_432_1.jpg,0,27
./train/1_432_1.jpg,0,27
./train/2_432_1.jpg,0,27
./train/3_432_1.jpg,0,27
./train/0_433_3.jpg,1,28
./train/0_433_2.jpg,1,28
./train/0_433_1.jpg,1,28
./train/0_434_2.jpg,0,21
./train/0_434_1.jpg,0,21
./train/0_434_3.jpg,0,21
./train/0_435_3.jpg,0,24
./train/0_435_2.jpg,0,24
./train/0_435_1.jpg,0,24
./train/0_436_1.jpg,0,26
./train/0_436_3.jpg,0,26
./train/0_436_2.jpg,0,26
./train/0_437_3.jpg,0,30
./train/0_437_1.jpg,0,30
./train/0_437_2.jpg,0,30
./train/0_438_2.jpg,0,24
./train/0_438_3.jpg,0,24
./train/0_438_1.jpg,0,24
./train/1_438_1.jpg,0,24
./train/0_439_2.jpg,1,17
./train/0_439_1.jpg,1,17
./train/0_439_3.jpg,1,17
./train/1_439_3.jpg,1,17
./train/0_440_2.jpg,1,22
./train/0_440_3.jpg,1,22
./train/0_440_1.jpg,1,22
./train/0_441_1.jpg,0,31
./train/0_441_3.jpg,0,31
./train/0_441_2.jpg,0,31
./train/0_442_1.jpg,1,13
./train/0_442_3.jpg,1,13
./train/0_442_2.jpg,1,13
./train/1_442_2.jpg,1,13
./train/0_443_2.jpg,0,33
./train/0_443_3.jpg,0,33
./train/0_443_1.jpg,0,33
./train/0_444_3.jpg,0,27
./train/0_444_2.jpg,0,27
./train/1_444_2.jpg,0,27
./train/0_444_1.jpg,0,27
./train/0_445_3.jpg,0,26
./train/0_445_1.jpg,0,26
./train/0_445_2.jpg,0,26
./train/0_446_1.jpg,1,22
./train/0_446_3.jpg,1,22
./train/1_446_3.jpg,1,22
./train/0_446_2.jpg,1,22
./train/0_447_1.jpg,1,43
./train/1_447_1.jpg,1,43
./train/2_447_1.jpg,1,43
./train/0_447_2.jpg,1,43
./train/1_447_2.jpg,1,43
./train/2_447_2.jpg,1,43
./train/3_447_2.jpg,1,43
./train/0_447_3.jpg,1,43
./train/1_447_3.jpg,1,43
./train/0_448_3.jpg,1,20
./train/1_448_3.jpg,1,20
./train/2_448_3.jpg,1,20
./train/0_448_1.jpg,1,20
./train/0_448_2.jpg,1,20
./train/1_448_2.jpg,1,20
./train/0_449_3.jpg,1,25
./train/0_449_2.jpg,1,25
./train/0_449_1.jpg,1,25
./train/0_450_3.jpg,0,37
./train/0_450_1.jpg,0,37
./train/0_450_2.jpg,0,37
./train/0_451_3.jpg,0,25
./train/0_451_1.jpg,0,25
./train/0_451_2.jpg,0,25
./train/0_452_1.jpg,1,27
./train/0_452_2.jpg,1,27
./train/0_452_3.jpg,1,27
./train/0_453_2.jpg,1,27
./train/0_453_3.jpg,1,27
./train/1_453_3.jpg,1,27
./train/0_453_1.jpg,1,27
./train/454_3.jpg,0,28
./train/0_454_1.jpg,0,28
./train/0_454_2.jpg,0,28
./train/0_455_1.jpg,0,23
./train/0_455_2.jpg,0,23
./train/0_455_3.jpg,0,23
./train/0_456_3.jpg,0,23
./train/0_456_1.jpg,0,23
./train/0_456_2.jpg,0,23
./train/0_457_3.jpg,0,21
./train/0_457_1.jpg,0,21
./train/0_457_2.jpg,0,21
./train/0_458_2.jpg,1,32
./train/1_458_2.jpg,1,32
./train/2_458_2.jpg,1,32
./train/3_458_2.jpg,1,32
./train/4_458_2.jpg,1,32
./train/5_458_2.jpg,1,32
./train/6_458_2.jpg,1,32
./train/7_458_2.jpg,1,32
./train/8_458_2.jpg,1,32
./train/9_458_2.jpg,1,32
./train/10_458_2.jpg,1,32
./train/0_458_3.jpg,1,32
./train/1_458_3.jpg,1,32
./train/2_458_3.jpg,1,32
./train/3_458_3.jpg,1,32
./train/0_458_1.jpg,1,32
./train/1_458_1.jpg,1,32
./train/2_458_1.jpg,1,32
./train/3_458_1.jpg,1,32
./train/4_458_1.jpg,1,32
./train/5_458_1.jpg,1,32
./train/0_459_2.jpg,0,27
./train/0_459_3.jpg,0,27
./train/0_459_1.jpg,0,27
./train/0_460_2.jpg,0,18
./train/1_460_2.jpg,0,18
./train/2_460_2.jpg,0,18
./train/3_460_2.jpg,0,18
./train/0_460_1.jpg,0,18
./train/0_460_3.jpg,0,18
./train/1_460_3.jpg,0,18
./train/0_461_1.jpg,0,24
./train/0_461_2.jpg,0,24
./train/0_461_3.jpg,0,24
./train/1_461_3.jpg,0,24
./train/0_462_2.jpg,0,27
./train/0_462_3.jpg,0,27
./train/0_462_1.jpg,0,27
./train/1_462_1.jpg,0,27
./train/0_463_2.jpg,0,24
./train/0_463_3.jpg,0,24
./train/0_463_1.jpg,0,24
./train/1_463_1.jpg,0,24
./train/0_464_1.jpg,0,28
./train/0_464_3.jpg,0,28
./train/0_464_2.jpg,0,28
./train/0_465_1.jpg,0,25
./train/0_465_3.jpg,0,25
./train/0_465_2.jpg,0,25
./train/0_466_2.jpg,0,34
./train/0_466_3.jpg,0,34
./train/1_466_3.jpg,0,34
./train/0_466_1.jpg,0,34
./train/1_466_1.jpg,0,34
./train/0_467_2.jpg,1,30
./train/0_467_1.jpg,1,30
./train/0_467_3.jpg,1,30
./train/0_468_1.jpg,1,35
./train/0_468_3.jpg,1,35
./train/0_468_2.jpg,1,35
./train/1_468_2.jpg,1,35
./train/2_468_2.jpg,1,35
./train/0_469_3.jpg,0,22
./train/0_469_2.jpg,0,22
./train/0_469_1.jpg,0,22
./train/0_470_2.jpg,1,27
./train/0_470_1.jpg,1,27
./train/0_470_3.jpg,1,27
./train/1_470_3.jpg,1,27
./train/0_471_3.jpg,1,25
./train/0_471_1.jpg,1,25
./train/1_471_1.jpg,1,25
./train/2_471_1.jpg,1,25
./train/0_471_2.jpg,1,25
./train/0_472_1.jpg,0,27
./train/472_3.jpg,0,27
./train/0_472_2.jpg,0,27
./train/0_473_1.jpg,0,29
./train/0_473_3.jpg,0,29
./train/1_473_3.jpg,0,29
./train/0_473_2.jpg,0,29
./train/1_473_2.jpg,0,29
./train/0_474_3.jpg,1,28
./train/0_474_1.jpg,1,28
./train/0_474_2.jpg,1,28
./train/0_475_2.jpg,1,25
./train/1_475_2.jpg,1,25
./train/2_475_2.jpg,1,25
./train/0_475_3.jpg,1,25
./train/0_475_1.jpg,1,25
./train/0_476_1.jpg,1,41
./train/0_476_3.jpg,1,41
./train/0_476_2.jpg,1,41
./train/0_477_3.jpg,1,30
./train/0_477_1.jpg,1,30
./train/0_477_2.jpg,1,30
./train/0_478_3.jpg,1,33
./train/1_478_3.jpg,1,33
./train/2_478_3.jpg,1,33
./train/0_478_1.jpg,1,33
./train/0_478_2.jpg,1,33
./train/0_479_2.jpg,0,26
./train/0_479_3.jpg,0,26
./train/0_479_1.jpg,0,26
./train/0_480_1.jpg,0,27
./train/0_480_3.jpg,0,27
./train/0_480_2.jpg,0,27
./train/0_481_3.jpg,1,24
./train/0_481_1.jpg,1,24
./train/0_481_2.jpg,1,24
./train/0_482_3.jpg,1,27
./train/1_482_3.jpg,1,27
./train/0_482_2.jpg,1,27
./train/0_482_1.jpg,1,27
./train/0_483_1.jpg,0,25
./train/0_483_3.jpg,0,25
./train/0_483_2.jpg,0,25
./train/0_484_1.jpg,0,25
./train/0_484_3.jpg,0,25
./train/0_484_2.jpg,0,25
./train/0_485_2.jpg,0,23
./train/0_485_1.jpg,0,23
./train/1_485_1.jpg,0,23
./train/0_485_3.jpg,0,23
./train/0_486_3.jpg,1,26
./train/0_486_2.jpg,1,26
./train/0_486_1.jpg,1,26
./train/0_487_3.jpg,1,21
./train/0_487_1.jpg,1,21
./train/0_487_2.jpg,1,21
./train/0_488_2.jpg,1,27
./train/0_488_1.jpg,1,27
./train/0_488_3.jpg,1,27
./train/1_488_3.jpg,1,27
./train/0_489_3.jpg,0,24
./train/0_489_1.jpg,0,24
./train/0_489_2.jpg,0,24
./train/0_490_1.jpg,0,30
./train/1_490_1.jpg,0,30
./train/0_490_3.jpg,0,30
./train/1_490_3.jpg,0,30
./train/2_490_3.jpg,0,30
./train/0_490_2.jpg,0,30
./train/1_490_2.jpg,0,30
./train/2_490_2.jpg,0,30
./train/0_491_2.jpg,0,22
./train/0_491_3.jpg,0,22
./train/0_491_1.jpg,0,22
./train/0_492_3.jpg,0,31
./train/0_492_1.jpg,0,31
./train/0_492_2.jpg,0,31
./train/1_492_2.jpg,0,31
./train/2_492_2.jpg,0,31
./train/0_493_1.jpg,1,17
./train/0_493_3.jpg,1,17
./train/0_493_2.jpg,1,17
./train/1_493_2.jpg,1,17
./train/2_493_2.jpg,1,17
./train/0_494_3.jpg,0,17
./train/0_494_2.jpg,0,17
./train/0_494_1.jpg,0,17
./train/0_495_2.jpg,0,24
./train/0_495_1.jpg,0,24
./train/0_495_3.jpg,0,24
./train/0_496_2.jpg,0,40
./train/0_496_1.jpg,0,40
./train/0_496_3.jpg,0,40
./train/0_497_3.jpg,0,26
./train/0_497_2.jpg,0,26
./train/0_497_1.jpg,0,26
./train/0_498_3.jpg,1,27
./train/0_498_2.jpg,1,27
./train/0_498_1.jpg,1,27
./train/0_499_3.jpg,0,35
./train/0_499_2.jpg,0,35
./train/0_499_1.jpg,0,35
./train/0_500_2.jpg,1,23
./train/1_500_2.jpg,1,23
./train/0_500_3.jpg,1,23
./train/0_500_1.jpg,1,23
./train/1_500_1.jpg,1,23
./train/0_501_1.jpg,1,22
./train/0_501_2.jpg,1,22
./train/0_501_3.jpg,1,22
./train/0_502_3.jpg,0,36
./train/1_502_3.jpg,0,36
./train/0_502_1.jpg,0,36
./train/1_502_1.jpg,0,36
./train/2_502_1.jpg,0,36
./train/0_502_2.jpg,0,36
./train/1_502_2.jpg,0,36
./train/0_503_1.jpg,1,26
./train/0_503_3.jpg,1,26
./train/0_503_2.jpg,1,26
./train/0_504_3.jpg,0,24
./train/0_504_2.jpg,0,24
./train/0_504_1.jpg,0,24
./train/1_504_1.jpg,0,24
./train/0_505_3.jpg,1,16
./train/0_505_1.jpg,1,16
./train/0_505_2.jpg,1,16
./train/0_506_3.jpg,1,27
./train/0_506_2.jpg,1,27
./train/0_506_1.jpg,1,27
./train/0_507_3.jpg,1,25
./train/0_507_2.jpg,1,25
./train/0_507_1.jpg,1,25
./train/0_508_1.jpg,0,31
./train/0_508_3.jpg,0,31
./train/0_508_2.jpg,0,31
./train/0_509_2.jpg,1,21
./train/1_509_2.jpg,1,21
./train/0_509_3.jpg,1,21
./train/0_509_1.jpg,1,21
./train/0_510_2.jpg,1,27
./train/0_510_3.jpg,1,27
./train/0_510_1.jpg,1,27
./train/0_511_1.jpg,1,22
./train/0_511_2.jpg,1,22
./train/0_511_3.jpg,1,22
./train/0_512_1.jpg,0,32
./train/0_512_3.jpg,0,32
./train/0_512_2.jpg,0,32
./train/0_513_1.jpg,1,29
./train/0_513_3.jpg,1,29
./train/0_513_2.jpg,1,29
./train/0_514_1.jpg,0,34
./train/0_514_3.jpg,0,34
./train/0_514_2.jpg,0,34
./train/0_515_3.jpg,0,20
./train/0_515_1.jpg,0,20
./train/0_515_2.jpg,0,20
./train/0_516_1.jpg,0,22
./train/0_516_3.jpg,0,22
./train/0_516_2.jpg,0,22
./train/0_517_1.jpg,0,27
./train/0_517_2.jpg,0,27
./train/0_517_3.jpg,0,27
./train/0_518_2.jpg,0,24
./train/0_518_1.jpg,0,24
./train/1_518_1.jpg,0,24
./train/0_518_3.jpg,0,24
./train/0_519_2.jpg,0,30
./train/1_519_2.jpg,0,30
./train/2_519_2.jpg,0,30
./train/3_519_2.jpg,0,30
./train/4_519_2.jpg,0,30
./train/5_519_2.jpg,0,30
./train/6_519_2.jpg,0,30
./train/7_519_2.jpg,0,30
./train/8_519_2.jpg,0,30
./train/0_519_3.jpg,0,30
./train/0_519_1.jpg,0,30
./train/0_520_2.jpg,1,34
./train/1_520_2.jpg,1,34
./train/2_520_2.jpg,1,34
./train/0_520_1.jpg,1,34
./train/0_520_3.jpg,1,34
./train/0_521_1.jpg,0,21
./train/0_521_3.jpg,0,21
./train/0_521_2.jpg,0,21
./train/0_522_2.jpg,0,32
./train/0_522_3.jpg,0,32
./train/0_522_1.jpg,0,32
./train/0_523_1.jpg,0,21
./train/0_523_2.jpg,0,21
./train/0_523_3.jpg,0,21
./train/1_523_3.jpg,0,21
./train/2_523_3.jpg,0,21
./train/3_523_3.jpg,0,21
./train/0_524_2.jpg,0,26
./train/0_524_1.jpg,0,26
./train/0_524_3.jpg,0,26
./train/0_525_2.jpg,0,22
./train/0_525_3.jpg,0,22
./train/0_525_1.jpg,0,22
./train/0_526_1.jpg,0,24
./train/1_526_1.jpg,0,24
./train/2_526_1.jpg,0,24
./train/3_526_1.jpg,0,24
./train/0_526_3.jpg,0,24
./train/0_526_2.jpg,0,24
./train/0_527_2.jpg,0,22
./train/0_527_3.jpg,0,22
./train/0_527_1.jpg,0,22
./train/0_528_2.jpg,0,28
./train/0_528_3.jpg,0,28
./train/0_528_1.jpg,0,28
./train/0_529_1.jpg,0,24
./train/0_529_2.jpg,0,24
./train/0_529_3.jpg,0,24
./train/1_529_3.jpg,0,24
./train/2_529_3.jpg,0,24
./train/3_529_3.jpg,0,24
./train/0_530_2.jpg,0,22
./train/0_530_3.jpg,0,22
./train/0_530_1.jpg,0,22
./train/0_531_2.jpg,0,30
./train/1_531_2.jpg,0,30
./train/0_531_3.jpg,0,30
./train/0_531_1.jpg,0,30
./train/0_532_1.jpg,1,20
./train/0_532_2.jpg,1,20
./train/0_532_3.jpg,1,20
./train/0_533_1.jpg,1,21
./train/0_533_3.jpg,1,21
./train/0_533_2.jpg,1,21
./train/0_534_3.jpg,1,19
./train/1_534_3.jpg,1,19
./train/0_534_2.jpg,1,19
./train/0_534_1.jpg,1,19
./train/0_535_1.jpg,0,24
./train/0_535_3.jpg,0,24
./train/0_535_2.jpg,0,24
./train/1_535_2.jpg,0,24
./train/2_535_2.jpg,0,24
./train/0_536_2.jpg,0,26
./train/0_536_1.jpg,0,26
./train/0_536_3.jpg,0,26
./train/0_537_3.jpg,1,17
./train/0_537_1.jpg,1,17
./train/0_537_2.jpg,1,17
./train/0_538_3.jpg,0,25
./train/0_538_2.jpg,0,25
./train/0_538_1.jpg,0,25
./train/0_539_1.jpg,0,25
./train/0_539_3.jpg,0,25
./train/1_539_3.jpg,0,25
./train/2_539_3.jpg,0,25
./train/3_539_3.jpg,0,25
./train/0_539_2.jpg,0,25
./train/0_540_3.jpg,0,23
./train/0_540_1.jpg,0,23
./train/0_540_2.jpg,0,23
./train/0_541_2.jpg,1,26
./train/0_541_1.jpg,1,26
./train/0_541_3.jpg,1,26
./train/0_542_3.jpg,1,27
./train/0_542_1.jpg,1,27
./train/0_542_2.jpg,1,27
./train/0_543_3.jpg,0,21
./train/0_543_1.jpg,0,21
./train/0_543_2.jpg,0,21
./train/0_544_1.jpg,1,26
./train/0_544_3.jpg,1,26
./train/0_544_2.jpg,1,26
./train/0_545_3.jpg,0,18
./train/0_545_1.jpg,0,18
./train/0_545_2.jpg,0,18
./train/0_546_1.jpg,1,19
./train/1_546_1.jpg,1,19
./train/0_546_2.jpg,1,19
./train/0_546_3.jpg,1,19
./train/0_547_3.jpg,0,30
./train/0_547_2.jpg,0,30
./train/0_547_1.jpg,0,30
./train/0_548_1.jpg,1,26
./train/0_548_3.jpg,1,26
./train/0_548_2.jpg,1,26
./train/0_549_2.jpg,1,32
./train/0_549_1.jpg,1,32
./train/0_549_3.jpg,1,32
./train/0_550_3.jpg,1,35
./train/0_550_1.jpg,1,35
./train/0_550_2.jpg,1,35
./train/0_551_3.jpg,0,37
./train/0_551_2.jpg,0,37
./train/0_551_1.jpg,0,37
./train/0_552_3.jpg,0,26
./train/1_552_3.jpg,0,26
./train/0_552_2.jpg,0,26
./train/1_552_2.jpg,0,26
./train/2_552_2.jpg,0,26
./train/0_552_1.jpg,0,26
./train/1_552_1.jpg,0,26
./train/0_553_2.jpg,1,24
./train/0_553_3.jpg,1,24
./train/0_553_1.jpg,1,24
./train/0_554_2.jpg,1,20
./train/0_554_3.jpg,1,20
./train/0_554_1.jpg,1,20
./train/0_555_2.jpg,1,23
./train/0_555_1.jpg,1,23
./train/0_555_3.jpg,1,23
./train/0_556_2.jpg,0,22
./train/0_556_1.jpg,0,22
./train/1_556_1.jpg,0,22
./train/2_556_1.jpg,0,22
./train/0_556_3.jpg,0,22
./train/0_557_3.jpg,0,27
./train/0_557_1.jpg,0,27
./train/0_557_2.jpg,0,27
./train/1_557_2.jpg,0,27
./train/2_557_2.jpg,0,27
./train/0_558_3.jpg,0,25
./train/0_558_1.jpg,0,25
./train/0_558_2.jpg,0,25
./train/0_559_2.jpg,1,23
./train/0_559_3.jpg,1,23
./train/0_559_1.jpg,1,23
./train/0_560_2.jpg,0,24
./train/0_560_3.jpg,0,24
./train/0_560_1.jpg,0,24
./train/1_560_1.jpg,0,24
./train/0_561_1.jpg,1,17
./train/1_561_1.jpg,1,17
./train/0_561_3.jpg,1,17
./train/0_561_2.jpg,1,17
./train/0_562_1.jpg,1,28
./train/0_562_2.jpg,1,28
./train/0_562_3.jpg,1,28
./train/0_563_3.jpg,0,25
./train/1_563_3.jpg,0,25
./train/0_563_1.jpg,0,25
./train/0_563_2.jpg,0,25
./train/0_564_1.jpg,1,29
./train/0_564_2.jpg,1,29
./train/0_564_3.jpg,1,29
./train/0_565_2.jpg,1,28
./train/0_565_3.jpg,1,28
./train/0_565_1.jpg,1,28
./train/0_566_3.jpg,0,25
./train/0_566_2.jpg,0,25
./train/0_566_1.jpg,0,25
./train/0_567_2.jpg,0,25
./train/0_567_1.jpg,0,25
./train/0_567_3.jpg,0,25
./train/1_567_3.jpg,0,25
./train/0_568_1.jpg,1,28
./train/0_568_3.jpg,1,28
./train/0_568_2.jpg,1,28
./train/0_569_2.jpg,0,22
./train/1_569_2.jpg,0,22
./train/0_569_1.jpg,0,22
./train/0_569_3.jpg,0,22
./train/1_569_3.jpg,0,22
./train/2_569_3.jpg,0,22
./train/3_569_3.jpg,0,22
./train/4_569_3.jpg,0,22
./train/5_569_3.jpg,0,22
./train/6_569_3.jpg,0,22
./train/7_569_3.jpg,0,22
./train/8_569_3.jpg,0,22
./train/9_569_3.jpg,0,22
./train/10_569_3.jpg,0,22
./train/11_569_3.jpg,0,22
./train/0_570_3.jpg,0,25
./train/0_570_2.jpg,0,25
./train/0_570_1.jpg,0,25
./train/0_571_1.jpg,0,25
./train/0_571_2.jpg,0,25
./train/0_571_3.jpg,0,25
./train/0_572_3.jpg,0,28
./train/0_572_2.jpg,0,28
./train/0_572_1.jpg,0,28
./train/0_573_1.jpg,0,27
./train/0_573_2.jpg,0,27
./train/0_573_3.jpg,0,27
./train/0_574_1.jpg,0,26
./train/0_574_2.jpg,0,26
./train/0_574_3.jpg,0,26
./train/0_575_1.jpg,0,27
./train/0_575_2.jpg,0,27
./train/1_575_2.jpg,0,27
./train/0_575_3.jpg,0,27
./train/0_576_1.jpg,0,28
./train/0_576_2.jpg,0,28
./train/0_576_3.jpg,0,28
./train/1_576_3.jpg,0,28
./train/0_577_3.jpg,0,27
./train/0_577_1.jpg,0,27
./train/0_577_2.jpg,0,27
./train/0_578_2.jpg,0,26
./train/0_578_3.jpg,0,26
./train/0_578_1.jpg,0,26
./train/0_579_3.jpg,1,34
./train/0_579_1.jpg,1,34
./train/0_579_2.jpg,1,34
./train/0_580_2.jpg,1,25
./train/0_580_1.jpg,1,25
./train/0_580_3.jpg,1,25
./train/0_581_3.jpg,1,30
./train/0_581_1.jpg,1,30
./train/0_581_2.jpg,1,30
./train/0_582_2.jpg,1,28
./train/0_582_3.jpg,1,28
./train/0_582_1.jpg,1,28
./train/0_583_1.jpg,0,26
./train/0_583_3.jpg,0,26
./train/0_583_2.jpg,0,26
./train/0_584_1.jpg,0,25
./train/0_584_2.jpg,0,25
./train/0_584_3.jpg,0,25
./train/0_585_3.jpg,1,37
./train/0_585_2.jpg,1,37
./train/1_585_2.jpg,1,37
./train/0_585_1.jpg,1,37
./train/1_585_1.jpg,1,37
./train/0_586_1.jpg,1,39
./train/0_586_2.jpg,1,39
./train/0_586_3.jpg,1,39
./train/0_587_2.jpg,1,30
./train/0_587_1.jpg,1,30
./train/1_587_1.jpg,1,30
./train/0_587_3.jpg,1,30
./train/1_587_3.jpg,1,30
./train/0_588_3.jpg,1,27
./train/0_588_2.jpg,1,27
./train/0_588_1.jpg,1,27
./train/0_589_3.jpg,1,30
./train/0_589_1.jpg,1,30
./train/0_589_2.jpg,1,30
./train/1_589_2.jpg,1,30
./train/2_589_2.jpg,1,30
./train/3_589_2.jpg,1,30
./train/4_589_2.jpg,1,30
./train/5_589_2.jpg,1,30
./train/0_590_2.jpg,1,24
./train/0_590_1.jpg,1,24
./train/0_590_3.jpg,1,24
./train/0_591_3.jpg,0,26
./train/0_591_1.jpg,0,26
./train/0_591_2.jpg,0,26
./train/0_592_1.jpg,1,19
./train/0_592_2.jpg,1,19
./train/0_592_3.jpg,1,19
./train/1_592_3.jpg,1,19
./train/0_593_3.jpg,0,25
./train/0_593_2.jpg,0,25
./train/0_593_1.jpg,0,25
./train/0_594_2.jpg,1,24
./train/0_594_1.jpg,1,24
./train/0_594_3.jpg,1,24
./train/0_595_1.jpg,0,27
./train/0_595_3.jpg,0,27
./train/0_595_2.jpg,0,27
./train/0_596_2.jpg,0,26
./train/0_596_1.jpg,0,26
./train/1_596_1.jpg,0,26
./train/0_596_3.jpg,0,26
./train/0_597_1.jpg,1,16
./train/0_597_2.jpg,1,16
./train/0_597_3.jpg,1,16
./train/0_598_1.jpg,1,27
./train/0_598_2.jpg,1,27
./train/0_598_3.jpg,1,27
./train/0_599_1.jpg,1,23
./train/0_599_2.jpg,1,23
./train/0_599_3.jpg,1,23
./train/0_600_1.jpg,0,30
./train/0_600_3.jpg,0,30
./train/0_600_2.jpg,0,30
./train/0_601_1.jpg,0,32
./train/0_601_2.jpg,0,32
./train/1_601_2.jpg,0,32
./train/0_601_3.jpg,0,32
./train/0_602_1.jpg,1,25
./train/0_602_2.jpg,1,25
./train/1_602_2.jpg,1,25
./train/2_602_2.jpg,1,25
./train/3_602_2.jpg,1,25
./train/4_602_2.jpg,1,25
./train/5_602_2.jpg,1,25
./train/6_602_2.jpg,1,25
./train/7_602_2.jpg,1,25
./train/0_602_3.jpg,1,25
./train/0_603_1.jpg,0,29
./train/0_603_3.jpg,0,29
./train/0_603_2.jpg,0,29
./train/0_604_1.jpg,0,21
./train/0_604_3.jpg,0,21
./train/0_604_2.jpg,0,21
./train/0_605_1.jpg,0,27
./train/0_605_2.jpg,0,27
./train/0_605_3.jpg,0,27
./train/0_606_1.jpg,0,6
./train/0_606_2.jpg,0,6
./train/0_606_3.jpg,0,6
./train/0_607_1.jpg,0,24
./train/0_607_3.jpg,0,24
./train/0_607_2.jpg,0,24
./train/0_608_1.jpg,1,20
./train/0_608_2.jpg,1,20
./train/0_608_3.jpg,1,20
./train/0_609_2.jpg,0,24
./train/0_609_1.jpg,0,24
./train/0_609_3.jpg,0,24
./train/0_610_3.jpg,0,30
./train/0_610_1.jpg,0,30
./train/0_610_2.jpg,0,30
./train/0_611_3.jpg,1,22
./train/1_611_3.jpg,1,22
./train/0_611_2.jpg,1,22
./train/0_611_1.jpg,1,22
./train/0_612_3.jpg,0,18
./train/1_612_3.jpg,0,18
./train/0_612_1.jpg,0,18
./train/0_612_2.jpg,0,18
./train/1_612_2.jpg,0,18
./train/0_613_3.jpg,1,18
./train/0_613_1.jpg,1,18
./train/0_613_2.jpg,1,18
./train/0_614_2.jpg,1,21
./train/0_614_1.jpg,1,21
./train/1_614_1.jpg,1,21
./train/2_614_1.jpg,1,21
./train/0_614_3.jpg,1,21
./train/0_615_1.jpg,1,23
./train/0_615_3.jpg,1,23
./train/0_615_2.jpg,1,23
./train/0_616_1.jpg,1,47
./train/0_616_3.jpg,1,47
./train/1_616_3.jpg,1,47
./train/0_616_2.jpg,1,47
./train/0_617_2.jpg,0,25
./train/0_617_1.jpg,0,25
./train/0_617_3.jpg,0,25
./train/0_618_1.jpg,0,26
./train/0_618_3.jpg,0,26
./train/1_618_3.jpg,0,26
./train/0_618_2.jpg,0,26
./train/0_619_3.jpg,1,29
./train/0_619_1.jpg,1,29
./train/0_619_2.jpg,1,29
./train/0_620_2.jpg,0,22
./train/0_620_3.jpg,0,22
./train/0_620_1.jpg,0,22
./train/0_621_3.jpg,0,22
./train/0_621_1.jpg,0,22
./train/0_621_2.jpg,0,22
./train/0_622_1.jpg,0,27
./train/0_622_2.jpg,0,27
./train/0_622_3.jpg,0,27
./train/0_623_1.jpg,1,24
./train/0_623_3.jpg,1,24
./train/1_623_3.jpg,1,24
./train/0_623_2.jpg,1,24
./train/0_624_1.jpg,0,21
./train/0_624_3.jpg,0,21
./train/0_624_2.jpg,0,21
./train/0_625_1.jpg,0,24
./train/0_625_3.jpg,0,24
./train/0_625_2.jpg,0,24
./train/0_626_1.jpg,1,25
./train/0_626_3.jpg,1,25
./train/0_626_2.jpg,1,25
./train/0_627_3.jpg,1,42
./train/0_627_1.jpg,1,42
./train/1_627_1.jpg,1,42
./train/0_627_2.jpg,1,42
./train/0_628_3.jpg,1,32
./train/1_628_3.jpg,1,32
./train/2_628_3.jpg,1,32
./train/0_628_2.jpg,1,32
./train/1_628_2.jpg,1,32
./train/0_628_1.jpg,1,32
./train/0_629_3.jpg,1,7
./train/0_629_2.jpg,1,7
./train/0_629_1.jpg,1,7
./train/0_630_3.jpg,0,28
./train/0_630_2.jpg,0,28
./train/0_630_1.jpg,0,28
./train/0_631_2.jpg,1,32
./train/0_631_3.jpg,1,32
./train/0_631_1.jpg,1,32
./train/0_632_1.jpg,1,21
./train/0_632_3.jpg,1,21
./train/0_632_2.jpg,1,21
./train/0_633_1.jpg,0,32
./train/0_633_3.jpg,0,32
./train/0_633_2.jpg,0,32
./train/0_634_2.jpg,0,24
./train/0_634_1.jpg,0,24
./train/0_634_3.jpg,0,24
./train/0_635_2.jpg,0,30
./train/0_635_1.jpg,0,30
./train/0_635_3.jpg,0,30
./train/0_636_2.jpg,0,24
./train/0_636_3.jpg,0,24
./train/0_636_1.jpg,0,24
./train/0_637_3.jpg,0,24
./train/0_637_2.jpg,0,24
./train/0_637_1.jpg,0,24
./train/0_638_2.jpg,0,42
./train/0_638_3.jpg,0,42
./train/0_638_1.jpg,0,42
./train/0_639_3.jpg,0,25
./train/0_639_2.jpg,0,25
./train/1_639_2.jpg,0,25
./train/0_639_1.jpg,0,25
./train/0_640_2.jpg,0,22
./train/0_640_1.jpg,0,22
./train/0_640_3.jpg,0,22
./train/1_640_3.jpg,0,22
./train/2_640_3.jpg,0,22
./train/0_641_2.jpg,0,29
./train/0_641_3.jpg,0,29
./train/0_641_1.jpg,0,29
./train/1_641_1.jpg,0,29
./train/2_641_1.jpg,0,29
./train/0_642_3.jpg,0,5
./train/0_642_1.jpg,0,5
./train/0_642_2.jpg,0,5
./train/0_643_3.jpg,0,25
./train/0_643_2.jpg,0,25
./train/0_643_1.jpg,0,25
./train/0_644_2.jpg,0,21
./train/1_644_2.jpg,0,21
./train/0_644_1.jpg,0,21
./train/0_644_3.jpg,0,21
./train/0_645_2.jpg,0,30
./train/0_645_1.jpg,0,30
./train/0_645_3.jpg,0,30
./train/0_646_3.jpg,0,26
./train/0_646_1.jpg,0,26
./train/0_646_2.jpg,0,26
./train/1_646_2.jpg,0,26
./train/2_646_2.jpg,0,26
./train/0_647_3.jpg,0,25
./train/1_647_3.jpg,0,25
./train/2_647_3.jpg,0,25
./train/3_647_3.jpg,0,25
./train/0_647_2.jpg,0,25
./train/0_647_1.jpg,0,25
./train/1_647_1.jpg,0,25
./train/0_648_3.jpg,0,38
./train/1_648_3.jpg,0,38
./train/0_648_2.jpg,0,38
./train/1_648_2.jpg,0,38
./train/2_648_2.jpg,0,38
./train/3_648_2.jpg,0,38
./train/0_648_1.jpg,0,38
./train/1_648_1.jpg,0,38
./train/0_649_3.jpg,0,39
./train/1_649_3.jpg,0,39
./train/0_649_2.jpg,0,39
./train/0_649_1.jpg,0,39
./train/1_649_1.jpg,0,39
./train/0_650_2.jpg,0,31
./train/0_650_3.jpg,0,31
./train/1_650_3.jpg,0,31
./train/0_650_1.jpg,0,31
./train/0_651_3.jpg,0,27
./train/0_651_1.jpg,0,27
./train/1_651_1.jpg,0,27
./train/0_651_2.jpg,0,27
./train/0_652_3.jpg,0,30
./train/0_652_2.jpg,0,30
./train/0_652_1.jpg,0,30
./train/0_653_3.jpg,0,25
./train/0_653_1.jpg,0,25
./train/0_653_2.jpg,0,25
./train/0_654_2.jpg,0,38
./train/0_654_1.jpg,0,38
./train/1_654_1.jpg,0,38
./train/0_654_3.jpg,0,38
./train/0_655_3.jpg,0,32
./train/0_655_1.jpg,0,32
./train/0_655_2.jpg,0,32
./train/0_656_2.jpg,1,29
./train/1_656_2.jpg,1,29
./train/2_656_2.jpg,1,29
./train/3_656_2.jpg,1,29
./train/4_656_2.jpg,1,29
./train/5_656_2.jpg,1,29
./train/0_656_3.jpg,1,29
./train/0_656_1.jpg,1,29
./train/1_656_1.jpg,1,29
./train/0_657_1.jpg,1,27
./train/0_657_2.jpg,1,27
./train/0_657_3.jpg,1,27
./train/0_658_2.jpg,0,24
./train/0_658_1.jpg,0,24
./train/0_658_3.jpg,0,24
./train/0_659_3.jpg,0,19
./train/0_659_2.jpg,0,19
./train/0_659_1.jpg,0,19
./train/0_660_1.jpg,1,25
./train/0_660_2.jpg,1,25
./train/0_660_3.jpg,1,25
./train/0_661_1.jpg,1,27
./train/0_661_2.jpg,1,27
./train/0_661_3.jpg,1,27
./train/1_661_3.jpg,1,27
./train/2_661_3.jpg,1,27
./train/3_661_3.jpg,1,27
./train/0_662_2.jpg,0,31
./train/0_662_3.jpg,0,31
./train/0_662_1.jpg,0,31
./train/1_662_1.jpg,0,31
./train/0_663_1.jpg,0,25
./train/1_663_1.jpg,0,25
./train/0_663_3.jpg,0,25
./train/1_663_3.jpg,0,25
./train/0_663_2.jpg,0,25
./train/0_664_3.jpg,0,28
./train/0_664_2.jpg,0,28
./train/1_664_2.jpg,0,28
./train/2_664_2.jpg,0,28
./train/3_664_2.jpg,0,28
./train/0_664_1.jpg,0,28
./train/0_665_3.jpg,0,30
./train/0_665_1.jpg,0,30
./train/0_665_2.jpg,0,30
./train/0_666_1.jpg,0,23
./train/0_666_3.jpg,0,23
./train/0_666_2.jpg,0,23
./train/0_667_2.jpg,0,23
./train/0_667_3.jpg,0,23
./train/0_667_1.jpg,0,23
./train/0_668_3.jpg,0,22
./train/1_668_3.jpg,0,22
./train/2_668_3.jpg,0,22
./train/3_668_3.jpg,0,22
./train/0_668_2.jpg,0,22
./train/1_668_2.jpg,0,22
./train/2_668_2.jpg,0,22
./train/3_668_2.jpg,0,22
./train/0_668_1.jpg,0,22
./train/1_668_1.jpg,0,22
./train/2_668_1.jpg,0,22
./train/3_668_1.jpg,0,22
./train/0_669_1.jpg,0,25
./train/1_669_1.jpg,0,25
./train/2_669_1.jpg,0,25
./train/3_669_1.jpg,0,25
./train/0_669_2.jpg,0,25
./train/1_669_2.jpg,0,25
./train/2_669_2.jpg,0,25
./train/3_669_2.jpg,0,25
./train/0_669_3.jpg,0,25
./train/0_670_2.jpg,0,25
./train/1_670_2.jpg,0,25
./train/0_670_3.jpg,0,25
./train/0_670_1.jpg,0,25
./train/0_671_1.jpg,1,24
./train/0_671_3.jpg,1,24
./train/0_671_2.jpg,1,24
./train/0_672_3.jpg,1,24
./train/0_672_1.jpg,1,24
./train/0_672_2.jpg,1,24
./train/0_673_1.jpg,0,37
./train/0_673_2.jpg,0,37
./train/1_673_2.jpg,0,37
./train/0_673_3.jpg,0,37
./train/1_673_3.jpg,0,37
./train/0_674_1.jpg,0,28
./train/0_674_2.jpg,0,28
./train/0_674_3.jpg,0,28
./train/0_675_3.jpg,0,24
./train/0_675_2.jpg,0,24
./train/0_675_1.jpg,0,24
./train/0_676_2.jpg,0,27
./train/0_676_1.jpg,0,27
./train/0_676_3.jpg,0,27
./train/0_677_2.jpg,1,32
./train/0_677_3.jpg,1,32
./train/1_677_3.jpg,1,32
./train/0_677_1.jpg,1,32
./train/0_678_2.jpg,0,23
./train/0_678_1.jpg,0,23
./train/0_678_3.jpg,0,23
./train/0_679_1.jpg,0,23
./train/0_679_3.jpg,0,23
./train/0_679_2.jpg,0,23
./train/1_679_2.jpg,0,23
./train/2_679_2.jpg,0,23
./train/3_679_2.jpg,0,23
./train/0_680_1.jpg,1,25
./train/0_680_2.jpg,1,25
./train/0_680_3.jpg,1,25
./train/1_680_3.jpg,1,25
./train/0_681_3.jpg,1,30
./train/0_681_2.jpg,1,30
./train/0_681_1.jpg,1,30
./train/0_682_2.jpg,0,27
./train/0_682_1.jpg,0,27
./train/0_682_3.jpg,0,27
./train/0_683_3.jpg,0,34
./train/0_683_2.jpg,0,34
./train/0_683_1.jpg,0,34
./train/0_684_2.jpg,1,28
./train/0_684_1.jpg,1,28
./train/0_684_3.jpg,1,28
./train/0_685_1.jpg,0,27
./train/0_685_3.jpg,0,27
./train/1_685_3.jpg,0,27
./train/0_685_2.jpg,0,27
./train/0_686_2.jpg,1,22
./train/0_686_3.jpg,1,22
./train/0_686_1.jpg,1,22
./train/0_687_3.jpg,0,22
./train/0_687_1.jpg,0,22
./train/0_687_2.jpg,0,22
./train/0_688_2.jpg,1,29
./train/1_688_2.jpg,1,29
./train/0_688_1.jpg,1,29
./train/1_688_1.jpg,1,29
./train/0_688_3.jpg,1,29
./train/1_688_3.jpg,1,29
./train/0_689_3.jpg,0,26
./train/0_689_1.jpg,0,26
./train/1_689_1.jpg,0,26
./train/2_689_1.jpg,0,26
./train/3_689_1.jpg,0,26
./train/0_689_2.jpg,0,26
./train/1_689_2.jpg,0,26
./train/2_689_2.jpg,0,26
./train/3_689_2.jpg,0,26
./train/0_690_2.jpg,1,23
./train/0_690_1.jpg,1,23
./train/0_690_3.jpg,1,23
./train/0_691_3.jpg,0,26
./train/0_691_2.jpg,0,26
./train/0_691_1.jpg,0,26
./train/1_691_1.jpg,0,26
./train/0_692_2.jpg,0,29
./train/0_692_3.jpg,0,29
./train/0_692_1.jpg,0,29
./train/1_692_1.jpg,0,29
./train/0_693_3.jpg,0,26
./train/0_693_2.jpg,0,26
./train/0_693_1.jpg,0,26
./train/0_694_3.jpg,0,24
./train/0_694_2.jpg,0,24
./train/0_694_1.jpg,0,24
./train/0_695_2.jpg,0,18
./train/0_695_1.jpg,0,18
./train/0_695_3.jpg,0,18
./train/0_696_2.jpg,0,25
./train/0_696_3.jpg,0,25
./train/0_696_1.jpg,0,25
./train/0_697_2.jpg,0,27
./train/1_697_2.jpg,0,27
./train/0_697_1.jpg,0,27
./train/0_697_3.jpg,0,27
./train/1_697_3.jpg,0,27
./train/2_697_3.jpg,0,27
./train/3_697_3.jpg,0,27
./train/4_697_3.jpg,0,27
./train/5_697_3.jpg,0,27
./train/6_697_3.jpg,0,27
./train/7_697_3.jpg,0,27
./train/8_697_3.jpg,0,27
./train/9_697_3.jpg,0,27
./train/10_697_3.jpg,0,27
./train/11_697_3.jpg,0,27
./train/12_697_3.jpg,0,27
./train/0_698_2.jpg,0,25
./train/0_698_1.jpg,0,25
./train/0_698_3.jpg,0,25
./train/0_699_2.jpg,0,24
./train/0_699_3.jpg,0,24
./train/1_699_3.jpg,0,24
./train/0_699_1.jpg,0,24
./train/0_700_1.jpg,0,29
./train/0_700_2.jpg,0,29
./train/0_700_3.jpg,0,29
./train/1_700_3.jpg,0,29
./train/0_701_1.jpg,0,23
./train/0_701_3.jpg,0,23
./train/0_701_2.jpg,0,23
./train/0_702_2.jpg,0,29
./train/0_702_3.jpg,0,29
./train/1_702_3.jpg,0,29
./train/0_702_1.jpg,0,29
./train/0_703_2.jpg,0,26
./train/0_703_1.jpg,0,26
./train/0_703_3.jpg,0,26
./train/0_704_3.jpg,1,25
./train/0_704_1.jpg,1,25
./train/0_704_2.jpg,1,25
./train/0_705_1.jpg,0,24
./train/0_705_2.jpg,0,24
./train/0_705_3.jpg,0,24
./train/0_706_1.jpg,0,26
./train/0_706_3.jpg,0,26
./train/0_706_2.jpg,0,26
./train/0_707_3.jpg,0,27
./train/0_707_1.jpg,0,27
./train/1_707_1.jpg,0,27
./train/2_707_1.jpg,0,27
./train/3_707_1.jpg,0,27
./train/0_707_2.jpg,0,27
./train/0_708_1.jpg,1,17
./train/0_708_2.jpg,1,17
./train/1_708_2.jpg,1,17
./train/0_708_3.jpg,1,17
./train/1_708_3.jpg,1,17
./train/0_709_3.jpg,1,18
./train/0_709_2.jpg,1,18
./train/0_709_1.jpg,1,18
./train/0_710_2.jpg,1,25
./train/1_710_2.jpg,1,25
./train/0_710_3.jpg,1,25
./train/0_710_1.jpg,1,25
./train/1_710_1.jpg,1,25
./train/0_711_1.jpg,0,23
./train/0_711_2.jpg,0,23
./train/0_711_3.jpg,0,23
./train/0_712_2.jpg,0,29
./train/0_712_1.jpg,0,29
./train/0_712_3.jpg,0,29
./train/0_713_3.jpg,1,34
./train/1_713_3.jpg,1,34
./train/0_713_1.jpg,1,34
./train/1_713_1.jpg,1,34
./train/0_713_2.jpg,1,34
./train/0_714_2.jpg,0,25
./train/0_714_1.jpg,0,25
./train/0_714_3.jpg,0,25
./train/0_715_3.jpg,0,17
./train/0_715_2.jpg,0,17
./train/0_715_1.jpg,0,17
./train/0_716_2.jpg,0,31
./train/0_716_3.jpg,0,31
./train/0_716_1.jpg,0,31
./train/0_717_1.jpg,0,33
./train/0_717_2.jpg,0,33
./train/0_717_3.jpg,0,33
./train/1_717_3.jpg,0,33
./train/0_718_2.jpg,0,24
./train/0_718_1.jpg,0,24
./train/0_718_3.jpg,0,24
./train/0_719_1.jpg,0,20
./train/0_719_2.jpg,0,20
./train/0_719_3.jpg,0,20
./train/0_720_3.jpg,0,17
./train/1_720_3.jpg,0,17
./train/0_720_2.jpg,0,17
./train/0_720_1.jpg,0,17
./train/0_721_2.jpg,0,24
./train/0_721_3.jpg,0,24
./train/1_721_3.jpg,0,24
./train/0_721_1.jpg,0,24
./train/0_722_1.jpg,0,32
./train/1_722_1.jpg,0,32
./train/0_722_2.jpg,0,32
./train/0_722_3.jpg,0,32
./train/1_722_3.jpg,0,32
./train/2_722_3.jpg,0,32
./train/0_723_3.jpg,1,35
./train/0_723_2.jpg,1,35
./train/1_723_2.jpg,1,35
./train/0_723_1.jpg,1,35
./train/0_724_3.jpg,0,26
./train/0_724_1.jpg,0,26
./train/0_724_2.jpg,0,26
./train/1_724_2.jpg,0,26
./train/0_725_3.jpg,1,24
./train/0_725_2.jpg,1,24
./train/0_725_1.jpg,1,24
./train/0_726_2.jpg,1,32
./train/0_726_1.jpg,1,32
./train/0_726_3.jpg,1,32
./train/0_727_3.jpg,0,29
./train/1_727_3.jpg,0,29
./train/0_727_1.jpg,0,29
./train/0_727_2.jpg,0,29
./train/1_727_2.jpg,0,29
./train/0_728_2.jpg,0,24
./train/0_728_1.jpg,0,24
./train/0_728_3.jpg,0,24
./train/0_729_2.jpg,0,24
./train/0_729_1.jpg,0,24
./train/1_729_1.jpg,0,24
./train/2_729_1.jpg,0,24
./train/3_729_1.jpg,0,24
./train/0_729_3.jpg,0,24
./train/0_730_1.jpg,0,22
./train/0_730_2.jpg,0,22
./train/0_730_3.jpg,0,22
./train/1_730_3.jpg,0,22
./train/0_731_3.jpg,0,22
./train/0_731_1.jpg,0,22
./train/0_731_2.jpg,0,22
./train/0_732_1.jpg,0,26
./train/0_732_2.jpg,0,26
./train/0_732_3.jpg,0,26
./train/0_733_3.jpg,1,38
./train/0_733_2.jpg,1,38
./train/0_733_1.jpg,1,38
./train/0_734_1.jpg,1,26
./train/0_734_2.jpg,1,26
./train/0_734_3.jpg,1,26
./train/1_734_3.jpg,1,26
./train/0_735_3.jpg,1,29
./train/0_735_2.jpg,1,29
./train/0_735_1.jpg,1,29
./train/0_736_3.jpg,1,27
./train/0_736_1.jpg,1,27
./train/0_736_2.jpg,1,27
./train/0_737_1.jpg,1,27
./train/0_737_3.jpg,1,27
./train/0_737_2.jpg,1,27
./train/0_738_1.jpg,1,24
./train/0_738_3.jpg,1,24
./train/0_738_2.jpg,1,24
./train/0_739_1.jpg,1,21
./train/0_739_2.jpg,1,21
./train/1_739_2.jpg,1,21
./train/0_739_3.jpg,1,21
./train/1_739_3.jpg,1,21
./train/0_740_1.jpg,1,28
./train/0_740_3.jpg,1,28
./train/0_740_2.jpg,1,28
./train/0_741_2.jpg,1,29
./train/0_741_1.jpg,1,29
./train/0_741_3.jpg,1,29
./train/0_742_3.jpg,1,20
./train/0_742_1.jpg,1,20
./train/0_742_2.jpg,1,20
./train/0_743_1.jpg,0,16
./train/0_743_2.jpg,0,16
./train/0_743_3.jpg,0,16
./train/0_744_1.jpg,0,24
./train/1_744_1.jpg,0,24
./train/2_744_1.jpg,0,24
./train/3_744_1.jpg,0,24
./train/0_744_3.jpg,0,24
./train/1_744_3.jpg,0,24
./train/2_744_3.jpg,0,24
./train/3_744_3.jpg,0,24
./train/0_744_2.jpg,0,24
./train/1_744_2.jpg,0,24
./train/2_744_2.jpg,0,24
./train/3_744_2.jpg,0,24
./train/0_745_3.jpg,0,28
./train/0_745_2.jpg,0,28
./train/0_745_1.jpg,0,28
./train/0_746_1.jpg,0,37
./train/0_746_3.jpg,0,37
./train/0_746_2.jpg,0,37
./train/0_747_1.jpg,0,21
./train/0_747_2.jpg,0,21
./train/1_747_2.jpg,0,21
./train/2_747_2.jpg,0,21
./train/3_747_2.jpg,0,21
./train/0_747_3.jpg,0,21
./train/0_748_2.jpg,0,16
./train/0_748_3.jpg,0,16
./train/0_748_1.jpg,0,16
./train/0_749_1.jpg,0,24
./train/0_749_3.jpg,0,24
./train/0_749_2.jpg,0,24
./train/0_750_1.jpg,0,32
./train/0_750_2.jpg,0,32
./train/0_750_3.jpg,0,32
./train/0_751_2.jpg,0,21
./train/0_751_3.jpg,0,21
./train/0_751_1.jpg,0,21
./train/0_752_2.jpg,0,24
./train/1_752_2.jpg,0,24
./train/0_752_3.jpg,0,24
./train/1_752_3.jpg,0,24
./train/0_752_1.jpg,0,24
./train/0_753_2.jpg,0,29
./train/0_753_1.jpg,0,29
./train/0_753_3.jpg,0,29
./train/0_754_2.jpg,0,27
./train/0_754_3.jpg,0,27
./train/0_754_1.jpg,0,27
./train/0_755_2.jpg,0,17
./train/1_755_2.jpg,0,17
./train/0_755_1.jpg,0,17
./train/0_755_3.jpg,0,17
./train/1_755_3.jpg,0,17
./train/0_756_3.jpg,0,27
./train/0_756_1.jpg,0,27
./train/0_756_2.jpg,0,27
./train/0_757_1.jpg,0,36
./train/0_757_2.jpg,0,36
./train/0_757_3.jpg,0,36
./train/0_758_2.jpg,0,23
./train/0_758_3.jpg,0,23
./train/1_758_3.jpg,0,23
./train/2_758_3.jpg,0,23
./train/3_758_3.jpg,0,23
./train/0_758_1.jpg,0,23
./train/0_759_3.jpg,0,20
./train/1_759_3.jpg,0,20
./train/0_759_1.jpg,0,20
./train/1_759_1.jpg,0,20
./train/0_759_2.jpg,0,20
./train/0_760_2.jpg,0,25
./train/0_760_1.jpg,0,25
./train/0_760_3.jpg,0,25
./train/0_761_3.jpg,1,27
./train/0_761_1.jpg,1,27
./train/0_761_2.jpg,1,27
./train/0_762_2.jpg,0,26
./train/0_762_1.jpg,0,26
./train/1_762_1.jpg,0,26
./train/0_762_3.jpg,0,26
./train/1_762_3.jpg,0,26
./train/0_763_1.jpg,0,24
./train/0_763_2.jpg,0,24
./train/0_763_3.jpg,0,24
./train/0_764_1.jpg,1,19
./train/1_764_1.jpg,1,19
./train/0_764_3.jpg,1,19
./train/0_764_2.jpg,1,19
./train/0_765_2.jpg,1,30
./train/0_765_1.jpg,1,30
./train/1_765_1.jpg,1,30
./train/0_765_3.jpg,1,30
./train/0_766_1.jpg,0,21
./train/0_766_3.jpg,0,21
./train/0_766_2.jpg,0,21
./train/0_767_2.jpg,0,25
./train/0_767_3.jpg,0,25
./train/1_767_3.jpg,0,25
./train/767_1.jpg,0,25
./train/0_768_3.jpg,0,21
./train/1_768_3.jpg,0,21
./train/0_768_2.jpg,0,21
./train/0_768_1.jpg,0,21
./train/1_768_1.jpg,0,21
./train/2_768_1.jpg,0,21
./train/3_768_1.jpg,0,21
./train/4_768_1.jpg,0,21
./train/5_768_1.jpg,0,21
./train/6_768_1.jpg,0,21
./train/7_768_1.jpg,0,21
./train/0_769_2.jpg,0,23
./train/0_769_1.jpg,0,23
./train/1_769_1.jpg,0,23
./train/0_769_3.jpg,0,23
./train/0_770_1.jpg,0,27
./train/0_770_2.jpg,0,27
./train/0_770_3.jpg,0,27
